tokens,tickers,cours,total_tests,ecart_BB_4d,position_prix_BB_4d,position_prix_BB_4h,position_prix_BB_30m,Tests_MM_4d,Tests_MM_4h,Tests_MM_30m,combo_rsi,Tests_RSI,Surventes_RSI_4d,Surachats RSI 4d,combo_cci,combo_chop,CHOP_4d,CHOP_4h,CHOP_30m,Charged_chop_4d,Charged_chop_4h,Charged_chop_30m,Tests_VOL,VOL_var_1d,VOL_var_7d,VOL_var_14d
0x,zrx,0.394617,4.0,0.1471089000201702,0.4242344188457129,-0.00015279362772448068,-0.0016887064922946821,0.0,100.0,10.0,,101.0,0.0,28.0,1,1,60.65048912671302,44.04970419947768,61.06881149531097,0.0,167.77107693562033,29.223109880666556,3.0,2.021675081884401e-08,0.005807218996248389,0.4856530380910293
1inch,1inch,0.357872,5.0,0.0941403992837173,0.6385119530497121,0.21227444025120978,0.42344683834384944,10.0,100.0,10.0,,101.0,0.0,8.0,1,1,50.779402956696494,49.10913936594123,56.84836694864703,2.2110293657714806,4.063625683457232,0.0,2.0,0.011560242815993325,0.061450389267997715,0.014383747615660067
aave,aave,90.09,8.0,0.1034397767621466,0.6236556071337042,0.4819104755169374,0.6637294578460843,10.0,110.0,11.0,,103.0,0.0,2.0,1,1,49.75491819221993,46.24275529056072,62.111731139549185,6.426581196529689,0.0,1.022008348102979,2.0,-0.03474649730812,0.08379066519216627,0.10065426718365064
aavegotchi,ghst,0.828263,8.0,0.03497501180768223,0.7148653001209048,0.6608652641419865,0.5914717601733736,10.0,110.0,1.0,,113.0,0.0,1.0,0,1,62.870411644355904,-17.679477161757287,81.91405113264445,21.816005883269476,35.40484249722539,68.82280843204478,4.0,0.0029545271678389612,-0.029675782169820527,1.3497975101300088
ac-milan-fan-token,acm,1.89,9.0,0.023645713508215916,0.14078939594645326,0.6245592887913849,0.749139412248245,10.0,110.0,11.0,,113.0,0.0,3.0,11,0,69.82056198855744,52.682098275632164,47.160704490137334,41.051577588666795,52.58170383259865,0.0,2.0,-0.0010729062074085688,-0.15613711291876273,-0.17787953413733226
acala,aca,0.059866,13.0,0.11479664982670762,1.015167302274218,0.6866908177102634,1.000229945844386,11.0,111.0,11.0,,128.0,0.0,1.0,1,10,24.62835970780988,64.80027959133537,24.648545774327438,73.40058357322884,32.179760631884335,0.0,2.0,0.006250194007317854,0.5564134180213955,-0.1363314067519319
access-protocol,acs,0.0022466,8.0,0.04823748141089794,0.5812743328973289,0.5336776320641017,0.6042227044929296,10.0,110.0,1.0,,113.0,0.0,21.0,0,1,44.76287267842754,21.059943140523067,57.089189561448485,0.0,0.0,0.0,2.0,0.8136303823583493,-0.2792528690636693,-0.2475731603852315
adex,adx,0.15854,7.0,0.056070851609181745,0.7541142527167158,0.689704114729638,0.707706116149508,10.0,110.0,10.0,,111.0,0.0,19.0,1,10,36.581708921788135,51.31518992506661,47.84511454652169,0.7503119706139998,2.312821324075422,0.0,2.0,-0.0004521512192996254,0.184168748999541,0.4402054781963949
adventure-gold,agld,0.787485,5.0,0.11988591206609332,0.6672649657129818,0.744420109334585,-0.003105101747706173,10.0,110.0,0.0,,110.0,2.0,7.0,10,1,44.73227807768262,26.877804275666367,50.8257759310486,28.107213006228385,43.11006546954627,31.060265109653145,2.0,-0.0023558062356180474,-0.191447391297576,0.09943897936786637
aelf,elf,0.56971,8.0,0.32985679884828306,0.7850039837031139,0.20301666709310692,0.7770923578514103,110.0,0.0,11.0,,108.0,0.0,52.0,1,10,28.36221344294309,73.86311052298836,51.93907406214775,88.1484980129591,482.2520492934148,0.0,2.0,0.03817799093655469,0.09512257670841791,0.049740613119996245
aergo,aergo,0.172227,6.0,0.128147756774054,0.7466032823359738,0.319277768555251,0.5660769283984585,11.0,100.0,10.0,,101.0,0.0,15.0,1,1,55.920633116051114,47.65813436341619,58.37812978539901,39.79766217157513,25.02108056311944,0.0,2.0,0.0006537827958429477,0.018484055625502087,-0.16825594589864867
aioz-network,aioz,0.062205,5.0,4.945186929027157,0.6512006563466218,0.15638936405782605,0.4276547702455006,110.0,100.0,10.0,,1.0,0.0,55.0,1,11,7.389202369626432,44.386941597168246,45.32440728651339,0.0,5.619678952262348,0.0,2.0,0.007133608053103258,0.016974871390299223,-0.15807793026463693
airswap,ast,0.100863,9.0,0.07690123082144544,0.7995890969948808,0.5863710799316157,0.8491242269891579,11.0,10.0,11.0,,113.0,0.0,20.0,1,10,43.41395111966576,58.45171513993108,46.655301674179334,2.4327903504390562,10.67463762143992,0.0,3.0,0.0004725593491704221,-0.06541821527926663,0.1733746323000952
akash-network,akt,1.63,9.0,1.1273609428377953,0.6932715227750856,0.8175389046863352,0.1773444123495188,110.0,111.0,10.0,,111.0,0.0,17.0,10,10,16.222595441071928,43.054787432375385,39.60666526081662,0.0,12.984761397670113,0.0,3.0,0.04843673024474691,0.09914532927935504,0.25498077638261396
alchemix,alcx,15.85,10.0,0.09823104303459504,0.8687594141813669,0.3197941517259179,0.6607237448948964,11.0,101.0,110.0,,116.0,0.0,15.0,1,10,37.89342167669277,60.273730872897524,42.91706342098906,0.07587573379065304,19.090449521534396,0.0,2.0,0.00017980164779469473,0.05914911534744127,0.40638995120060023
alchemy-pay,ach,0.01982153,5.0,0.10983157651702412,0.7337230164073998,0.46748683607431746,0.705457914776426,10.0,100.0,10.0,,101.0,0.0,9.0,1,10,44.51477543417536,47.65269570946525,42.15157129497783,0.0,0.0,0.0,2.0,-0.005931525165784792,0.06820503373063094,0.02288670588255669
aleph,aleph,0.085636,5.0,0.3117924023034105,0.651163267704307,0.008024327141712074,0.2366603886436332,110.0,0.0,1.0,,102.0,0.0,28.0,1,11,7.1315331623445095,26.920341321130568,28.71550283848041,6.938830418709308,2.2211302486611118,0.0,3.0,-0.00109816822560109,0.4572472125025287,0.33464783921622293
aleph-zero,azero,1.45,13.0,0.16119636500951892,0.8196810065454612,0.8254588525625345,0.9690163316458024,111.0,11.0,111.0,,118.0,0.0,30.0,11,10,25.81714591055655,60.7261490894344,15.65120691952534,0.0,10.068570461771984,10.485441722259793,2.0,0.1012541249791343,0.04356278330407912,-0.007890830711729687
algorand,algo,0.141252,9.0,0.1608642763194177,0.70618031621008,0.5054242430630539,0.8282540081024641,10.0,110.0,11.0,,113.0,0.0,21.0,1,10,31.313316841989554,43.43553025384189,40.20145266976885,0.0,3.7237684670910554,0.0,3.0,-0.010108612544349584,0.043271092675152785,0.2783223333187968
alien-worlds,tlm,0.01298323,8.0,0.08154279121071106,0.664185565542601,0.8677481985034491,0.2789294928264319,10.0,111.0,110.0,,110.0,0.0,6.0,10,1,48.00410733531961,-4.842402022720005,59.71488249207817,3.2186820791807875,5.351734569003547,5.024706822464758,3.0,-0.0068877948496983265,0.07916335189201762,2.264527808400081
alkimi,$ads,0.087092,14.0,0.20888111635687628,0.8940848710889238,0.7799666253127712,0.7727898632274072,111.0,111.0,111.0,vente,126.0,1.0,11.0,0,10,20.512712951462856,55.06703436837069,53.937055284864364,0.0,0.0,0.0,2.0,-0.0018461399261253313,-0.013663154779361796,-0.05199734288595383
allianceblock-nexera,nxra,0.113587,6.0,0.5517733439605018,0.6014557709342051,0.2293503439665852,0.7457060835186436,110.0,100.0,10.0,,101.0,0.0,26.0,1,10,27.033971597284076,46.51694344046552,33.81956377985805,0.0,0.0,0.0,0.0,-0.07532572600692611,-0.08866120513632755,-0.2656012172296345
alpaca-finance,alpaca,0.169623,8.0,0.0589055877015502,0.5532896025794064,0.9152750201609067,0.6975218539970298,10.0,11.0,10.0,,116.0,0.0,7.0,10,1,47.311667759933115,22.679779468553704,45.09716939453132,0.0,23.301761925965494,0.0,3.0,0.010812860737042976,0.11246374958551554,0.5165793049124012
alpha-finance,alpha,0.091999,12.0,0.10992728154977782,0.8415188154131766,0.9056992221594886,0.41513374452347324,111.0,111.0,110.0,,121.0,0.0,4.0,10,1,41.39199171634561,22.371382825426466,50.85954548610372,0.9057967986183257,76.05074885387063,0.0,2.0,-0.031683318303011965,0.1185861166983859,1.3006812575144175
alpine-f1-team-fan-token,alpine,1.81,9.0,0.03156708004509153,0.6428571428571621,0.47646922563423033,0.7156655464068388,10.0,110.0,11.0,,113.0,0.0,7.0,1,1,65.24515916194846,35.03225205999647,66.79862569941166,25.990051911719526,36.3060051596901,98.90081884458978,3.0,0.0003824437354690806,-0.06501159436554323,0.20036830342283649
amber,amb,0.00820635,11.0,0.05088795379185466,0.3360188040965401,0.9760696502880488,0.5777953699050848,10.0,111.0,111.0,,117.0,2.0,0.0,10,1,73.57179992051375,29.116821931653913,29.462192898828278,109.21256392177696,133.49396532445903,0.0,4.0,0.0021436715341022427,1.8456837977367957,3.3661799637166907
amp-token,amp,0.0024894,8.0,0.32485097804463753,0.5693289041772226,0.20504321359371078,0.7726346309072363,110.0,100.0,11.0,,103.0,0.0,34.0,1,0,60.01945976551683,58.289120832139645,48.486677132009966,0.0,109.46992093978048,0.0,0.0,-0.2055841360058906,-0.06252093312715584,-0.02430510995525079
ampleforth,ampl,1.49,3.0,0.1110762784461141,0.5998940292472359,0.3643079429270111,1.0,10.0,0.0,0.0,,110.0,1.0,23.0,1,10,58.17349519647543,86.38695488666534,36.1931584586511,8.512263501949406,64.38485257176764,0.0,0.0,0.02991554484050754,-0.024344476558773847,-0.29818248601026703
ampleforth-governance-token,forth,3.19,10.0,0.06227481404703608,0.52078826874815,1.0061708472476705,0.6763197103995704,10.0,111.0,111.0,,115.0,0.0,7.0,10,1,56.206149802087054,41.070604970615825,50.72699366654055,46.001894212180176,8.916569933263816,0.0,2.0,0.00669558508506537,0.09686111459737541,0.10600508464090931
anchor-protocol,anc,0.01060441,11.0,0.15103785524512697,0.4574613137733799,0.9469761585108475,0.46100011789816936,110.0,111.0,101.0,,117.0,0.0,12.0,10,1,61.44689629308868,24.09232452455504,67.93429223504218,105.19157356943113,3.2089802087318446,8.451070562817108,4.0,0.05432675746704868,0.35844354943837886,1.0791283695556273
ankr,ankr,0.026195,8.0,0.06651502491787209,0.45708775099244703,0.5944758558525723,0.6702750826249724,110.0,11.0,10.0,,16.0,0.0,14.0,11,0,64.08846130923465,58.719008546302604,47.14254723754819,11.852464702647602,36.82474559912927,0.0,3.0,-0.03302100185892974,0.07379964766083633,0.28003316915580695
apecoin,ape,1.51,10.0,0.2089495849734764,0.9979417730916669,0.5908068117569892,0.5530595449972693,11.0,110.0,10.0,,123.0,0.0,6.0,0,1,23.65262877993809,21.126606561873075,54.763139838799816,0.95586933051176,3.0951031725810765,0.0,1.0,-0.01104802723102662,-0.08764690960547095,-0.2690172954500493
api3,api3,1.44,9.0,0.07908277323887093,0.5091348011905246,0.6836456098439304,0.8770754444858365,10.0,110.0,11.0,,113.0,4.0,0.0,11,10,52.313770043178906,53.19413800885157,34.41152565625738,6.9650910275266895,2.676276495636486,0.0,3.0,-0.03278901762480002,0.08226740129519751,0.05038479119157807
aptos,apt,7.2,7.0,0.09648083581537008,0.6082055602627122,0.29866936857555515,0.8083969773719678,10.0,100.0,11.0,,103.0,0.0,5.0,1,0,51.66659051762694,46.788871577154794,36.66709975875216,11.67649555613373,45.80999056197389,0.0,1.0,-0.024934475228633235,0.0687188191555195,0.2819738387293884
aragon,ant,5.17,5.0,0.07429594851158496,0.7851726652920674,0.26285606103122244,0.5537870151794666,10.0,100.0,10.0,,101.0,0.0,16.0,1,10,47.28706769186867,53.368862257621934,50.62560516305197,41.030967129577576,37.51913283007473,0.0,3.0,0.05013176841330161,0.21371714314056756,0.6329419541326543
arbitrum,arb,1.027,5.0,0.06239234283737638,0.37462751013254314,0.2828142597184015,0.6835699474868472,10.0,100.0,10.0,,101.0,0.0,4.0,1,1,61.518578430826366,46.052382305044894,46.637539718113494,23.748977371822868,26.75095482345339,0.0,2.0,0.0176239091454098,0.10478732869885365,0.33902613793334047
ardor,ardr,0.116255,4.0,0.581094054961038,0.3053640543435906,0.2608913920124866,0.5117643334820811,100.0,0.0,1.0,,7.0,0.0,39.0,1,10,27.285267807736403,70.67878848755558,70.01194412677474,0.0,395.4841987886133,35.18133560093539,1.0,-0.6468116286573344,-0.16546762410799362,0.31250138842533864
ark,ark,1.58,5.0,0.1478967758947064,0.48166294794292397,-0.020420410464550762,0.2710746141247359,110.0,0.0,0.0,,103.0,0.0,9.0,1,1,49.812424620618536,28.529049403680578,65.44606108572687,13.821399091632642,0.0,3.661756166741931,3.0,0.0026449502210257303,0.47002991009823936,0.5272981299953846
arpa,arpa,0.053482,10.0,0.1737028718088969,0.7321135590415846,0.7768914060880776,0.6683609581273586,110.0,111.0,110.0,,106.0,0.0,7.0,10,10,39.81802279170879,54.627264651567174,27.478166461251185,0.0,0.0,0.0,3.0,-0.012112831070030751,0.35177033325542517,0.6724274835831509
arweave,ar,8.19,6.0,0.4669267345863453,0.5113376120968552,0.27373293121942194,0.6408045977011452,110.0,0.0,10.0,,106.0,0.0,14.0,1,10,22.27709460106949,49.0755472362231,38.48752404752185,8.123704764879122,172.057737295308,0.0,2.0,0.03915365801557161,0.10944719176691237,0.28166209829749705
astar,astr,0.065913,7.0,0.16651120038818698,0.6383771733195964,0.579131328365279,0.6450029658401447,10.0,101.0,10.0,,106.0,0.0,19.0,1,10,49.15617040561793,51.98402311903225,23.740545649813434,4.263985558892564,10.700405706236424,0.0,1.0,0.00501397357110886,0.07555988333520029,0.14934857237117463
atletico-madrid,atm,2.65,13.0,0.08357586106575322,0.535378932881813,1.0003353410474667,1.0023818901565402,101.0,111.0,111.0,,28.0,0.0,9.0,11,0,75.45710107668248,58.94633729670603,20.263209494490983,67.81003249655825,253.2874242930971,0.0,3.0,0.0041794429143401255,-0.03307845482790198,0.1596556211846288
auction,auction,10.15,10.0,0.24036774195619778,0.957583447439626,0.4321914083546142,0.3836294389010358,111.0,110.0,10.0,,121.0,0.0,30.0,0,11,24.53007225630722,41.31687919152462,57.72702687342913,0.0,1.3789883634580136,0.0,1.0,0.052437953798965015,-0.1111424164901383,0.046025205628826275
audius,audio,0.186994,7.0,0.07312732191217124,0.45754121651624874,0.6078249207540296,0.6815215172383595,10.0,110.0,10.0,,111.0,0.0,9.0,11,1,80.82428088993126,45.28654288358225,54.61592160933633,19.024280889931262,61.51037692421755,0.0,2.0,-0.0015361808465991353,-0.07044524639233182,0.06417857387336243
aurora-dao,idex,0.055623,6.0,0.09208904973455885,0.6023059781731445,0.5292846103383834,0.5586342251754861,10.0,110.0,10.0,,101.0,0.0,4.0,1,0,56.099896036209884,51.84823473182601,47.38577621347986,0.0,0.0,0.0,1.0,-0.0006522644880346242,-0.07582005289715804,-0.1482359737358721
aurora-near,aurora,0.106066,10.0,0.18358523661281476,0.7456084217054625,0.6740194397874513,1.009880588922206,110.0,110.0,111.0,,103.0,0.0,12.0,1,1,42.921197194642296,15.603035400421884,28.139443579607047,51.551663168638896,0.0,0.0,1.0,-0.026282823175937737,-0.30151136813945223,-0.38944168257019623
aurory,aury,0.798532,14.0,0.4545145513813156,0.8593054741718986,0.8600620494446025,0.9563354677708862,11.0,111.0,111.0,vente,128.0,2.0,35.0,11,10,22.185188970964024,39.9881441873905,23.919864782943094,0.0,0.0,93.58072415761607,2.0,-0.0007632719549217534,-0.06597329543096012,0.005857139021169907
automata,ata,0.092227,8.0,0.07352536593430327,0.7097377566342651,0.7699125780504699,0.703701250342549,10.0,111.0,10.0,,111.0,0.0,12.0,10,0,59.073263390969764,51.96096613316262,34.99098362095885,7.981556913548474,4.012679847983996,0.0,3.0,-0.00015625789033297418,0.005825128911636913,0.30962382695411145
avalanche-2,avax,20.81,7.0,0.11173690087628015,0.12205107754397454,0.6466408710671308,0.649866343861511,110.0,11.0,10.0,,6.0,0.0,34.0,11,10,61.31346879591827,63.28929602505608,29.247517619215426,17.530537636784814,102.33534041408817,0.0,2.0,-0.005960176915256064,0.21708925221548378,0.2511612221470677
avalaunch,xava,0.462143,13.0,0.2124019341677329,0.38075067792121553,0.8304032176510402,0.6899123241338967,110.0,111.0,111.0,,118.0,0.0,37.0,10,10,52.16319572344719,54.39152971185685,37.4632926446171,0.7873771525905298,1.8975042577364079,0.0,3.0,0.002154257689546287,0.0915177317203851,0.16029953770314045
axelar,axl,0.678335,12.0,0.5090025813407784,0.9219409505992546,0.9857113476056147,0.710681799189878,111.0,111.0,111.0,vente,115.0,0.0,65.0,10,11,-11.336127852075474,16.715490383780715,59.258695006944755,0.0,0.0,0.0,1.0,-0.03443729729967412,-0.1015451147815903,-0.015155572380350169
axie-infinity,axs,6.11,12.0,0.08560312278080705,0.4880492313682377,0.9092028547085153,1.0102142565703356,10.0,111.0,111.0,,118.0,0.0,7.0,11,0,63.24956340355318,15.980325862078434,0.9418887653092388,1.735218083297191,8.33388968284315,0.0,4.0,0.03571201566070438,0.16608804807941874,1.3146018702672848
babb,bax,0.00016132,6.0,0.17433308043229762,0.5046422922991981,0.4532296867313192,-0.008919774969934811,1.0,1.0,0.0,,116.0,19.0,21.0,0,0,72.45330338319664,58.137993575256246,12.874416876928,37.434113008775334,67.00275989279245,0.0,3.0,0.001547540363756344,0.4495910210649035,0.5206965415618313
badger-dao,badger,3.67,5.0,0.13803054595339487,0.7584135222047772,0.17388969907040713,0.39136897634333334,10.0,100.0,10.0,,101.0,0.0,12.0,1,1,51.174152349420574,45.13223749579169,56.77661957945318,91.77259123662506,6.515265405090588,0.0,2.0,-0.01218165094377143,-0.017535613275471932,0.17719350886002996
bakerytoken,bake,0.146495,10.0,0.07226427371297502,0.6201655832279079,0.9921483800304214,0.5922372584633122,10.0,111.0,110.0,,116.0,0.0,2.0,10,0,74.43687540358579,38.13429474567616,38.0274914927761,66.43915682549485,29.453465026732253,0.0,3.0,-0.003750701321768369,0.2745255363982746,0.74993357349881
balancer,bal,3.7,7.0,0.08222083316370728,0.6453853036007138,0.5333481580320131,0.6275063754781601,10.0,101.0,10.0,,106.0,2.0,16.0,1,10,46.18674708498935,54.85552563017464,40.78108636866019,6.692054448101118,9.516600462012455,0.0,3.0,-0.0035602972631805247,0.11259865218271159,0.12759847124642448
bancor,bnt,0.746424,6.0,0.049792348335141796,0.034631683176150826,0.12986503683113515,0.9373338929278903,0.0,100.0,11.0,,103.0,0.0,23.0,11,0,79.28836060952511,61.93841958400855,60.46717621142692,507.472906870929,454.617144859339,12.835274176635622,2.0,0.0048836465840422505,0.2123203612272592,1.907947548488609
band-protocol,band,1.49,8.0,0.11453728142254187,0.5970343277498962,0.5194232742216356,0.7485337116931037,10.0,10.0,11.0,,113.0,0.0,3.0,1,11,45.13576118269838,59.15119420327329,97.88806492621333,1.217150791835678,19.9314851164132,126.11543899720245,3.0,0.036023687849530896,-0.12763407333644175,0.1296527236818269
barnbridge,bond,3.88,6.0,0.07747876876947532,0.3226979641832482,0.3775708485970344,0.7410522128025004,10.0,110.0,10.0,,101.0,1.0,1.0,11,0,66.01424772048124,58.88854912517027,28.197875847071014,6.985811172702313,12.472905038223281,0.0,4.0,-0.0015809548457475149,0.05135058515289181,0.3494609741854599
basic-attention-token,bat,0.22025,6.0,0.04950991022491071,0.3314304997020866,0.46746068460720874,0.48360699992559025,10.0,110.0,10.0,,101.0,0.0,14.0,11,0,68.21584375325489,52.539766953528975,48.72281928667072,28.406939677474142,28.245386617877955,0.0,2.0,0.0007026255223173902,0.1421535533086738,0.12447145933485829
beefy-finance,bifi,389.31,8.0,0.05645737981812359,0.43727238752748293,0.6962337048471471,0.8319428717657436,10.0,10.0,11.0,,113.0,0.0,14.0,11,0,66.64313396947904,59.013204936355464,52.24707989447015,41.851360393045006,50.24919799164964,0.0,4.0,0.015204210647622993,0.016738415049844593,0.2364387453721793
beldex,bdx,0.051746,6.0,0.18740722773452423,0.3598920651361774,0.11591153091665106,0.33389009559397975,101.0,100.0,0.0,,13.0,0.0,53.0,1,11,17.84225246864463,47.90713710017276,60.463096937075704,0.0,24.915260132993033,0.4949785825876063,1.0,-0.1549466192626717,0.03669869155571243,-0.007724101224017157
bella-protocol,bel,0.618247,9.0,0.07373330317328114,0.6246341793903706,0.929102116774424,0.5093171211820454,10.0,111.0,110.0,,115.0,0.0,2.0,10,1,62.078951570596715,29.903200949306523,40.01994647472979,0.2789515705967176,1.170826416399521,0.0,3.0,-0.009444679482563056,1.0841987158166178,3.0750749349146798
benqi,qi,0.00789481,8.0,0.11334711752873877,0.1100220278111561,0.5585687990973673,0.7434688603147437,100.0,110.0,11.0,,13.0,0.0,23.0,11,1,57.731253939932934,42.767625908090146,58.91616908808334,22.181263834502538,47.23980112839996,0.4005304256800386,1.0,-5.196071428362237e-05,-0.07919886239398931,0.18065656899186014
bepro-network,bepro,0.00091753,11.0,0.08623922791008964,0.8993784759757011,0.798562496157086,0.6315461151205655,11.0,11.0,101.0,,127.0,0.0,29.0,0,10,34.522825278214555,45.14158447421747,44.11082712471862,55.48938781538165,48.02966392969574,8.658086792213425,3.0,0.003474355149250001,0.04818817612582685,0.02904962729386512
beta-finance,beta,0.068769,8.0,0.05623422990154989,0.6515484909488073,0.6526893618142925,0.8024167983300615,10.0,10.0,11.0,,116.0,0.0,13.0,11,10,60.3441556127308,60.70891014321114,33.12612645677568,17.091520286144686,91.20379063145126,0.0,2.0,-0.020521235394912334,0.08309653672926813,0.009789783934073058
biconomy,bico,0.268062,5.0,0.06836175204610496,0.3991447906735379,0.4199066547546656,0.5723802408505176,10.0,100.0,10.0,,101.0,0.0,9.0,11,0,69.50747148459637,44.623345127072405,40.37867337652793,62.26536419307589,84.72582106936594,0.0,2.0,0.001133235733435492,0.034347875658459696,0.1057873753841979
bifrost,bfc,0.04678099,7.0,0.06454919950593348,0.7915209038359261,0.3043512675925358,0.6184813910141342,111.0,100.0,10.0,,101.0,0.0,5.0,1,10,44.34674217481856,59.10235232783625,55.674711752994355,216.866057949997,106.54930135028594,4.442903575156279,2.0,-0.07713012731849714,0.07891566318188611,0.4356757602733852
bifrost-native-coin,bnc,0.276165,12.0,0.045182825214926225,0.5251626558964404,0.9209857231913464,0.915861798459278,11.0,11.0,11.0,,128.0,0.0,26.0,10,0,41.90084398010756,37.80935497773268,12.054701566477371,0.0,0.0,0.0,3.0,-0.001146044594181984,0.08872555599387118,0.08360041603358763
binancecoin,bnb,253.37,7.0,0.06910965567228496,0.9328311783834269,0.17460396224893818,0.5256425808284051,11.0,0.0,10.0,,116.0,0.0,5.0,1,10,23.542565783808808,65.42959355934285,53.572763093781944,33.79770523822057,392.1895157743784,0.0,2.0,0.034680598003575494,0.128961975363055,0.33417198327749825
biswap,bsw,0.082535,7.0,0.0712690783918333,0.8261591171254076,0.22215221048091158,0.430900625850144,11.0,100.0,10.0,,111.0,1.0,8.0,1,11,51.08359216759609,57.724618432899426,67.59597308604903,0.44755171275112815,2.4939819805334977,23.22703668602884,1.0,0.0694595006388949,-0.26200153507504764,-0.2917630487052531
bitcoin,btc,37489.0,7.0,0.04795428533457102,0.8592582879628029,0.29216680412708246,0.6201592019616305,111.0,100.0,10.0,,101.0,1.0,31.0,1,10,43.34611159002074,55.86737526340194,36.1439101028356,141.64589738779256,20.388107357895358,0.0,2.0,0.005535755792680212,0.30296425788347126,0.7174531533579047
bitcoin-cash,bch,226.26,9.0,0.026563294081933156,0.21976438193848863,0.4967062631438935,0.7604180331555592,10.0,110.0,11.0,,113.0,0.0,2.0,11,0,72.76004039252615,52.55399276464636,47.57932993259348,201.86022344899885,90.56597444282895,0.0,3.0,0.017985439937245763,0.09421906046969135,0.30596786493879524
bitcoin-cash-sv,bsv,47.62,5.0,0.04787091681829088,0.551554007547765,0.20109511189460103,0.7366828226660687,10.0,100.0,10.0,,101.0,0.0,2.0,1,1,62.207002266463704,36.50940903250976,41.40135051978522,20.389348283944713,16.683235768280397,0.0,2.0,-0.003750287804056554,0.0987912183350715,0.21716002279169982
bitshares,bts,0.01096001,7.0,0.046797263455745655,0.7879952430062094,0.6223427583006821,0.6253940322542542,11.0,10.0,10.0,,111.0,0.0,9.0,0,0,57.8583133172145,53.52790278736795,40.787869297423256,33.457760541562195,173.30855000762335,0.0,4.0,0.021695828289145368,0.026270309985781327,0.289491934010484
blockstack,stx,0.639086,8.0,0.08919882299939275,0.5328634407380666,0.9574226384468073,0.4457253118682827,10.0,111.0,110.0,,110.0,0.0,4.0,10,1,50.46236045476849,28.78507808055155,37.309086595207276,75.2142910063617,5.53381940523586,0.0,4.0,-0.005737287009238383,0.2429442777711989,1.1741486581232419
blur,blur,0.331852,4.0,0.10779199662344834,0.3531939964990033,0.2301195079074979,0.032068814797637804,10.0,100.0,0.0,,101.0,1.0,2.0,0,1,75.99287511922219,34.11647012802307,42.75462601640043,52.108267153835655,24.26380455813822,0.0,2.0,0.06915773802689473,0.00046221654220971847,-0.21328096208399128
bluzelle,blz,0.250194,5.0,0.11623236852813096,0.6819209171946958,0.12945420226466425,-0.0035711015393664943,110.0,10.0,0.0,,101.0,0.0,6.0,0,10,36.58707533218636,50.37745931496505,49.501628042192316,52.26081376250599,45.74738599063799,25.309486208847545,2.0,-0.0017482634859001223,-0.03139838553143451,0.1611077879421946
boba-network,boba,0.147268,11.0,0.051961386636901655,0.8538059864197206,0.7247338941298411,0.4648599674774601,111.0,111.0,110.0,,115.0,0.0,20.0,0,1,58.930213884234085,55.93505881924948,68.07287789602667,113.92590429622629,23.80552736021415,22.4751245723253,2.0,-0.006387383124193836,-0.019667998385981357,0.2160653116155991
bonfida,fida,0.19736,8.0,0.09577713553150376,0.37752523661560433,0.8318906054927138,0.4081171035022537,10.0,111.0,110.0,,110.0,0.0,12.0,10,1,75.89554435722098,41.6549322978559,43.77072940503775,18.494159474073854,53.530441845021755,0.0,3.0,-0.0364713696625322,0.17995230116816904,0.8181213551880785
bosagora,boa,0.01041521,10.0,0.1118254870472222,1.0138964684550147,0.33755489667816946,0.6951311160741397,11.0,101.0,11.0,,116.0,0.0,11.0,1,11,23.28122559399828,61.60126785279133,64.06845274983726,50.37999647552134,99.61768313934984,41.155289680299525,1.0,0.011411761866804537,0.07442837114758903,-0.09367848891192612
boson-protocol,boson,0.194046,11.0,0.051287306196231924,0.6595130654328903,0.8166626245681802,0.9587440184144763,10.0,111.0,111.0,,108.0,0.0,2.0,11,0,67.11969182603102,44.014942389419566,-0.6088450393347511,92.81858336496241,57.84902722047889,0.0,3.0,-0.0006239524150446172,0.06491635740126515,-0.05138056146339781
burger-swap,burger,0.401234,9.0,0.08277833226292927,0.586074281133772,0.693904024604504,0.9206856394200763,10.0,110.0,11.0,,113.0,0.0,11.0,11,1,60.81793292509825,21.670257385327353,46.49261618831128,1.5649446057460707,24.26425917122033,0.0,3.0,0.021835632069626226,-0.19296868685839802,0.11559653318808787
calamari-network,kma,0.00087868,9.0,0.2886157479658303,0.7276542745141771,0.8275066712753545,0.7101087477679731,110.0,101.0,110.0,,106.0,0.0,12.0,10,10,19.95409915915407,63.84017213355973,47.108767419377855,85.22389191828279,88.14373243455448,0.0,2.0,0.005670002099651823,0.053845182493247455,0.08365952331555182
camelot-token,grail,1553.43,6.0,0.06401316921448746,0.8317601595073267,0.178738860410108,0.6123854165431868,11.0,0.0,10.0,,111.0,2.0,31.0,1,10,65.70908268446057,66.35537238017238,45.61420649916964,28.00027607857662,116.95834035271008,33.90162480364586,1.0,-0.009810399096882784,-0.03773242962343099,-0.009962956820958603
cardano,ada,0.37958,6.0,0.12351866683296739,0.5784564839952802,0.3541759648536364,0.6974049914581938,110.0,100.0,10.0,,101.0,0.0,14.0,1,10,48.16717925109782,56.321490652024984,30.908999384735477,0.095137211690421,33.0296280596731,0.0,2.0,0.011297238323354516,0.0401034333811583,0.16995106460330334
cartesi,ctsi,0.147804,7.0,0.08765650677091702,0.5816428741336445,0.6228206089836595,0.6229305904406319,10.0,111.0,10.0,,101.0,1.0,3.0,11,10,59.581091882303724,67.30231197944431,49.12196409302438,0.0,5.502311979444315,0.0,3.0,0.004311845515843813,0.06634648962523676,-0.015542759571935285
casper-network,cspr,0.03501508,10.0,0.1107336230076651,1.0106886442968102,0.2992957191576655,0.6692961541553376,11.0,101.0,11.0,,116.0,12.0,2.0,1,10,28.22970866603066,67.7531281319114,53.3574821928164,0.25070722674612256,91.09694837700087,0.0,0.0,-0.08534280688906778,-0.04197661255352398,-0.04858226383610224
ceek,ceek,0.0468755,12.0,0.08288369757730407,0.3679079729183282,0.916046353711201,0.7895512323679681,10.0,111.0,111.0,,118.0,2.0,15.0,10,0,54.88071606509187,38.203426053062245,36.82977799813013,4.870451337027518,5.692198162691312,0.0,3.0,0.0017469427262065535,0.3526029731682094,1.1143926641708086
celer-network,celr,0.0150533,7.0,0.10650698661878646,0.716504606616596,0.6584439200255151,0.5173597414351023,10.0,110.0,10.0,,111.0,0.0,8.0,0,11,45.30590230228936,48.13385109181388,66.61911646785211,11.289667415469168,12.298145842821341,10.949325182948414,4.0,0.0008701678449725525,-0.048751790497178885,0.22996410952875537
celo,celo,0.536992,6.0,0.04740886254723291,0.34734334796866184,0.45140275722589696,0.23132146070824214,10.0,110.0,10.0,,101.0,0.0,7.0,10,1,63.81989871037496,48.575132093044154,51.118762333887055,4.622861384245752,4.980015759838572,2.818857665619383,2.0,0.0077699187938976965,0.0567713382898212,0.024967518836335106
centrifuge,cfg,0.519607,5.0,0.1618189883665423,0.458161063184084,0.5386154043176494,0.35655537873480503,10.0,110.0,0.0,,101.0,0.0,20.0,10,11,38.49191599662695,46.813984036215956,70.18208137259654,6.930919859130157,0.0,34.28235807943767,3.0,-0.0022696215307280456,0.16483836237477892,-0.11597897708924451
cere-network,cere,0.00359911,10.0,0.24503500202674725,0.8793754702816082,0.7786138393739591,0.7021661491131715,111.0,111.0,10.0,,111.0,0.0,9.0,0,10,24.38617144280971,36.12066749186758,24.0375962502099,1.4531801835909235,1.6832843913876516,0.0,2.0,0.004381596509776482,-0.0011532082748877584,-0.10924986181719896
certik,ctk,0.492225,10.0,0.0732714314800015,0.7091981980889777,1.0091141560521903,0.7614266874756054,10.0,111.0,111.0,,106.0,0.0,4.0,10,0,54.61915829827188,36.17179384896157,31.552092481155395,15.83987106699626,51.29461781584067,0.0,3.0,-0.4610915773557581,0.5276011073320679,1.7732421953024011
chain-2,xcn,0.00088381,5.0,0.06453642800861188,0.4532903312691251,0.4895527278476329,0.31656234161340785,100.0,110.0,10.0,,1.0,0.0,1.0,10,1,68.72347823059127,33.201907988765115,53.55974866475274,41.250588185529075,70.32892776945937,0.0,2.0,0.03822976207550098,-0.2623163343354909,-0.4444172999057836
chaingpt,cgpt,0.082399,8.0,0.7788281886333658,0.6654078203790229,0.5545222134876958,0.49159457859446554,111.0,101.0,10.0,,6.0,0.0,25.0,0,10,36.364151585108495,56.1452972247918,23.226668867902138,35.51487068900312,0.0,0.0,2.0,-0.0028085421491505095,0.11629460778204873,0.0629866052661384
chainlink,link,14.44,9.0,0.2085929861181988,0.5785044124560349,0.6476921247244923,0.999514856097494,10.0,110.0,11.0,,113.0,0.0,26.0,11,10,33.4539817697067,44.33362034042142,18.64528603104666,0.0,69.16415959651052,0.0,3.0,-0.0001146605960476547,0.16012758947040534,0.36311930256838926
chainx,pcx,0.161225,9.0,0.07028807112719106,0.7372824450286282,0.7039819534168322,0.94525313154181,1.0,110.0,11.0,,113.0,0.0,11.0,1,1,65.00235543994019,33.3893429990727,41.86909372924962,46.72126987009652,45.11729838244683,0.0,2.0,0.00010200779026307887,-0.009185473984301456,-0.08544237977396832
chiliz,chz,0.075678,6.0,0.04994639097384679,0.31979179276360775,0.30193708924651913,0.5797666758749921,10.0,110.0,10.0,,101.0,0.0,7.0,11,1,60.592562320664925,50.78160833000045,51.60243285027658,32.16986358207501,53.25945415639723,0.0,2.0,-0.07335676838490764,0.05207701777633444,0.10060743797445285
chromaway,chr,0.134761,8.0,0.39483205003343097,0.8915669800736693,0.15307925665139988,0.7427830211510467,111.0,100.0,11.0,,101.0,0.0,10.0,1,10,2.5517606743582197,42.74429576772204,37.19106454512221,0.0,7.53035317821692,0.0,2.0,0.001776122032637551,0.0041534118516933305,0.11012844640677923
chronobank,time,20.09,5.0,0.13083299994254022,1.012481338916785,-0.013364496964304699,0.25969367731219234,101.0,100.0,0.0,,12.0,0.0,27.0,1,10,52.67778813966752,66.83870954314942,24.11689906066127,159.0750242627937,347.55387223453323,0.0,3.0,0.004969115561201604,0.0053401390724068035,0.34122426972559083
cirus,cirus,0.02313949,4.0,0.40467699348025243,0.22611500228868184,0.279508744090965,0.30200232179717745,100.0,100.0,1.0,,2.0,6.0,20.0,11,1,56.91971899735989,55.67762980145661,69.78328060844456,0.0,0.0,7.983280608444559,1.0,0.011159644509288762,-0.06263670224219546,-0.5027695309726172
civic,cvc,0.124147,5.0,0.7777035225936427,0.31978044012179857,0.2302845105931625,0.846170150279849,100.0,0.0,11.0,,6.0,0.0,35.0,1,10,56.897786067638734,57.20547428964577,23.562611341342652,0.0,253.7517972158318,0.0,2.0,0.9631524422914718,0.06496055072040159,0.19614731679096867
clearpool,cpool,0.02706696,9.0,0.07997199718995814,0.47093146946598863,0.4971309048918597,1.0169508191968772,101.0,110.0,11.0,,13.0,0.0,29.0,11,0,46.932902272179504,38.99044404466155,15.649374171292619,0.0,0.0,0.0,1.0,-0.0007154898514901422,0.04105479156150531,-0.28381713072801434
clover-finance,clv,0.0398836,9.0,0.0654982058645523,0.7082303568005356,0.7094297353358873,0.420604279098069,10.0,111.0,110.0,,111.0,0.0,21.0,0,10,64.48499012934708,67.23446550116175,57.67928830455468,16.92121252656146,12.58510887679028,0.0,3.0,0.539118363606383,-0.008455307492434805,0.16388757492202605
cocos-bcx,cocos,0.618078,8.0,0.09339097295538404,0.7242812487749282,0.7958793239977879,0.6229954696229152,10.0,111.0,10.0,,111.0,1.0,3.0,10,1,49.99684749784482,14.95636654163585,65.32637774969155,19.720687764406094,25.21000318633901,20.9695692465787,4.0,0.19816252894136852,0.12162926982340831,0.5777250588979332
stargate-finance,stg,0.553364,7.0,0.14499160755764795,0.612326916391248,0.5202933211288966,0.3684630160435562,10.0,101.0,10.0,,106.0,0.0,3.0,0,11,34.89514372179652,35.924527730367174,47.94138462945325,3.652887728619966,6.606946568315607,0.0,1.0,0.008018834695895734,0.044872798982473275,-0.23156589755077722
status,snt,0.0424557,4.0,0.11509404714755417,0.6356045918939551,0.5079942873674159,0.14259425221831012,10.0,110.0,0.0,,100.0,1.0,3.0,0,10,42.46466933058144,67.15475549499875,48.19394569996103,29.690644952038205,14.761425188186962,0.0,2.0,1.3823239189849765,-0.13126744702954699,0.1811512101054813
steem,steem,0.266462,7.0,0.09549387849850867,0.8935868519970576,0.5490094800329782,-0.0003322786174550725,11.0,110.0,0.0,,120.0,1.0,9.0,0,1,53.19935626848785,33.93867284211379,45.729414136542275,35.3701203015508,0.0,96.12112259628815,2.0,-0.040401782276634456,0.5192378990767803,-0.1088612227662069
stellar,xlm,0.120269,5.0,0.051567448025781275,0.6520949931152201,0.5645354153800084,-0.002771614500567585,10.0,110.0,0.0,,110.0,1.0,0.0,0,0,60.295199427367656,37.526621139367634,35.33235793200984,3.9976640116081015,1.4569486388966766,1.4082974749286379,4.0,0.0014338215014131693,0.08263026282731153,0.7688171002032688
step-app-fitfi,fitfi,0.00612826,8.0,0.560664436855128,0.49558854033282673,0.43153660121435417,0.8378540893711054,110.0,101.0,11.0,,101.0,0.0,13.0,1,10,27.34657062353294,49.59643168060448,36.896156507317706,131.5693159771614,0.0,0.0,1.0,-0.0007004200412279385,0.8214136651304614,-0.24736821552268076
stepn,gmt,0.265362,7.0,0.12241761407633403,0.7819245081707337,0.5250725409110925,-0.005503239585167207,111.0,110.0,0.0,,110.0,0.0,9.0,0,1,54.610779619674965,16.493043581942274,31.799281368327357,10.211466094259208,10.042711427973721,88.2656437222575,2.0,-0.006412165248457051,-0.06377594798283476,-0.2799168712695469
storj,storj,0.780561,13.0,0.1274540561498344,1.0000369227450756,0.5339140271806827,0.7539143112262211,111.0,101.0,111.0,,118.0,0.0,26.0,1,10,48.22442002049127,55.905252848264276,53.83246808496771,13.697892910581942,38.133976367020324,0.0,1.0,0.0027531498504173046,0.05322459025647915,0.031037879505460157
storm,stmx,0.00841433,8.0,0.047222418803776506,0.7590199872206752,0.7251904484722802,0.5677219175646181,11.0,10.0,10.0,,121.0,0.0,20.0,10,1,67.2642632810878,61.384433800371646,74.70317082505052,53.40849748297127,51.44276755153138,31.196016619633752,3.0,0.01588853776039525,0.23526510553282698,0.21382018776306294
stp-network,stpt,0.071134,5.0,0.10297517501086001,0.7417700622824078,0.16187437941576246,0.16996331789130809,110.0,0.0,10.0,,101.0,0.0,14.0,0,10,37.00969727786014,48.04311001537802,37.99494088055852,34.145393784394415,27.915391279523817,0.0,2.0,0.057870701266237584,0.018224419941548133,-0.10617119718002815
stratis,strax,0.966745,4.0,0.15730303265189347,0.6677778085410209,0.1704562127788924,0.0531466084996145,10.0,100.0,0.0,,101.0,0.0,15.0,0,1,41.96606961208691,26.827592578591606,34.294093055390945,9.703437091141133,8.083574240476771,0.0,2.0,1.6414644798778075,-0.4413301065030872,-0.18491179543273392
streamr,data,0.02816712,8.0,0.10996001986900207,0.6976000392070203,0.7662200618695976,0.7575458181428827,10.0,111.0,10.0,,111.0,0.0,12.0,11,10,30.336194839722943,55.01479887471543,37.35899977786212,15.005373443372811,9.346054868671196,0.0,3.0,0.0004648032749797295,0.18542849782366586,0.27744502991188585
strike,strk,14.63,3.0,0.0509754668591281,0.6705676862411886,0.3688265357139887,0.09992213019473453,10.0,100.0,0.0,,100.0,0.0,10.0,0,10,43.38191003994714,65.93052104785204,43.51765062381211,219.2253428693718,31.610302444856806,7.181983279102269,1.0,0.0007673047416227346,-0.14411708222029915,0.14978810283944158
sui,sui,0.561615,6.0,0.09053862384986543,0.7391227479642177,0.5282595064628189,0.005163057255646617,10.0,111.0,100.0,,100.0,0.0,15.0,0,0,60.790618669710675,45.50477506182024,44.956307583213245,25.92526075183234,30.47051767743981,1.3325231151130694,2.0,-0.00820185570895235,0.004790523173499277,-0.02119265303487584
suku,suku,0.04113625,9.0,0.07707810430185716,0.9704351758476768,0.7146979753603258,0.22302312658016454,11.0,110.0,100.0,,122.0,0.0,7.0,0,1,36.824318968677176,-5.320300297336398,45.03965408850871,29.305981063741086,3.8662139700900653,0.0,2.0,-0.0029765327926276576,-0.2317020759186267,0.4280048865304355
sun-token,sun,0.00588496,5.0,0.02656117327960515,0.298564126366128,0.722336238300199,0.10701757425635275,10.0,110.0,0.0,,110.0,7.0,2.0,10,0,60.72677869423516,53.235052775478096,51.54278688248155,68.22721876771764,22.011703643134034,0.0,3.0,0.0005126626007643381,0.08111025852620024,0.06430882495419246
superfarm,super,0.149648,10.0,0.3607662092761841,1.007580044144239,0.7380617185143962,0.20867348182186407,111.0,110.0,10.0,,121.0,0.0,28.0,0,1,22.064223961595033,8.156491973221712,69.77546912389855,0.0,0.0,15.219027073971944,2.0,-0.02533625692543583,-0.1386357605850582,-0.011753206212382027
superrare,rare,0.067952,8.0,0.09277759415472055,0.7072523494372837,0.7796959105678395,0.19250755527585248,111.0,110.0,0.0,,120.0,0.0,15.0,10,1,53.70416762045263,-11.431759417570971,64.69981591195445,0.0,0.0,30.051399235015964,4.0,0.04497587579369914,-0.02596514114638651,0.8392992572046521
sushi,sushi,1.056,4.0,0.1833046926908694,0.6528668399044567,0.2706201510265235,0.17725138781608243,110.0,100.0,0.0,,100.0,0.0,9.0,0,1,49.93905528844923,44.60496815112585,49.50611419749875,1.0561283591822317,0.7082779522748339,14.104804257511084,3.0,0.0084166584087757,0.03376423667422498,-0.23825002307987148
swash,swash,0.01177574,14.0,0.17189499587736037,1.000673926818665,0.9824904710190274,0.7473466693302742,111.0,111.0,111.0,vente,126.0,3.0,13.0,10,10,17.556104615383305,52.52067899970263,27.07894427783675,8.19774450144596,10.179637931150396,0.0,2.0,0.0061648846259090995,-0.015574469692146655,-0.05577450690953627
sweatcoin,sweat,0.01003253,5.0,0.06689901609889132,0.5597318454412161,0.36956354560056887,0.6256168508503737,10.0,100.0,10.0,,101.0,0.0,11.0,1,0,55.95747188628954,55.693067971191574,53.96024035562029,22.348882093442782,18.75153660647735,0.0,1.0,0.0026588740528528136,0.03809824490735684,-0.03575176650284738
swftcoin,swftc,0.00137353,6.0,0.47058214077443045,0.9347248433913861,0.43367933583428653,0.6179661055486536,11.0,100.0,10.0,,101.0,1.0,25.0,1,10,-7.704488528504426,61.679853349187034,53.81848741208978,0.0,3.7637752371622497,0.0,1.0,0.0014363234797374529,-0.01410358140987424,-0.16331697464831285
swipe,sxp,0.364165,3.0,0.09380455728756494,0.7284777898243311,0.04730942248110276,-0.0021129112152774463,10.0,100.0,0.0,,100.0,0.0,11.0,0,10,43.24264188947091,46.81147640420665,35.21372211030035,26.04127962873568,46.9583478837076,0.0,3.0,0.0032438140804696056,0.09946987695741752,0.3140170579653798
sylo,sylo,0.00255055,9.0,2.8203459333830216,0.9002164980298194,0.6050824337402166,0.4907769185962484,111.0,111.0,10.0,,101.0,0.0,18.0,0,10,-23.314559271626,44.63910745438072,33.281595208908534,105.62299346371968,42.31489557984251,0.0,1.0,0.0003315384045734442,-0.01087636697482178,-0.3858234602696093
synapse-2,syn,0.441573,9.0,0.19873792624276634,0.8156205149104263,0.8126746864641703,0.695461682499652,10.0,111.0,10.0,,116.0,0.0,22.0,10,11,33.069405013683834,52.92223204790327,53.92610105162429,11.175084990703454,24.6703095513582,0.0,3.0,0.00031580173197292275,0.1256018189305022,0.6338898685030977
syscoin,sys,0.102906,12.0,0.12070925003348962,0.924782013463099,0.9348696914303493,0.6886250426934136,11.0,111.0,110.0,,126.0,0.0,8.0,0,10,27.994395036224507,50.81848742153433,28.46309807184572,22.334550163309956,27.411085579067347,0.0,3.0,-0.0252876538659868,0.20173499798431116,0.4417727950762559
telcoin,tel,0.00271961,7.0,0.3768153194011577,0.7313310778224337,0.33934232357942934,0.349698524201589,110.0,10.0,0.0,,113.0,4.0,31.0,1,11,20.015095458943147,50.87225711567003,66.28068064692923,0.0,9.789350939714836,42.084271396889704,3.0,-0.004659675518658422,0.10167033795174017,0.5671090574198837
tellor,trb,87.82,4.0,0.07487766122781006,0.19956512558461956,0.22305685651547225,0.3870712424441241,110.0,0.0,10.0,,1.0,15.0,2.0,1,0,65.74490647085508,58.9372165017906,51.10764118021199,90.00256164067541,32.36341378598584,0.0,2.0,0.01592646420186354,0.19046849005135164,0.21071853754182082
telos,tlos,0.098591,11.0,0.06461199348508084,0.8115680045088822,1.0181176566991628,0.7333763713265767,111.0,11.0,111.0,vente,25.0,0.0,38.0,10,1,58.859597793159445,6.562918150223155,55.92205286259874,0.0,2.0866589499053916,0.0,2.0,-0.0022100984796607397,0.2571400064848954,-0.03951681299732711
tenet-1b000f7b-59cb-4e06-89ce-d62b32d362b9,tenet,0.083852,4.0,0.10519972170197181,0.29371408902291224,0.17567958490290891,0.24388936631390074,10.0,100.0,0.0,,101.0,5.0,0.0,0,0,58.18019465456863,45.350954258300604,32.69591487123829,0.6144681971003507,9.425279110026459,0.0,2.0,-0.0018482924448272962,0.006492906984578514,0.00031848349240463843
terra-luna,lunc,7.659e-05,8.0,0.045373217587221557,0.4443702733228548,1.0200129924238734,0.2066942478194751,10.0,111.0,100.0,,115.0,0.0,12.0,10,1,70.10629562027813,-14.835986930043896,57.26947307624196,77.30294312501468,92.31631947681636,4.198329282325581,4.0,0.02184281057223916,0.7422070667061648,5.584932304896029
terra-luna-2,luna,0.628208,8.0,0.06260310747447524,0.17709592900058446,1.0048867482622865,0.10087260355756493,10.0,111.0,100.0,,115.0,0.0,19.0,10,1,72.2215787957731,6.981903983412343,47.662996470892665,51.462032050066895,91.38228482303246,0.0,3.0,-0.08484868505396664,0.24546004782624836,2.3884294976536555
terrausd,ustc,0.01328067,10.0,0.07215787787273842,0.5931808952139122,1.1020675523182553,0.7206424729957455,10.0,111.0,111.0,,115.0,0.0,10.0,10,1,59.66309660042958,-38.48510251555528,48.074045790974964,39.35525539949828,25.20303119684953,0.0,4.0,0.0017594425741964878,0.5479755095498047,8.087576245373404
tezos,xtz,0.849235,7.0,0.05709593580811559,0.6024190636408709,0.7826614577330622,0.12159140512489924,10.0,111.0,100.0,,110.0,0.0,20.0,10,0,57.94667599539625,53.86887375657695,42.912717697459335,7.49537329500788,18.042786692083617,0.0,3.0,-0.02369865003868634,0.05097895772871474,0.20668461908291288
the-graph,grt,0.140684,10.0,0.22150698422015924,0.8271354532952272,0.5105558917073123,0.6486894057047118,111.0,101.0,110.0,,106.0,1.0,9.0,1,10,27.76923645781629,38.11504892528968,31.029882213780144,0.0,0.0,0.0,2.0,-0.0005200435967559259,0.14172280836361648,0.17356537416751744
the-open-network,ton,2.34,8.0,0.05999928532138067,0.48900264882071065,0.5897133750682505,0.5245802572004179,10.0,101.0,110.0,,106.0,0.0,2.0,10,1,80.2939424060883,59.408035995086145,68.33733063166547,40.902779416573324,148.4940468758556,13.26812538168707,1.0,0.00618919825574371,0.13112664038317234,-0.0548326176850152
the-sandbox,sand,0.415114,10.0,0.07910189721039676,0.6662925688434068,0.927508781389465,0.5184435372228311,10.0,111.0,110.0,,116.0,0.0,13.0,10,0,55.520138385732245,31.96700250096611,30.538914044519682,0.0,0.0,8.903419637850249,3.0,0.015659975591365588,0.13093277472683149,-0.05793072423113944
the-virtua-kolect,tvk,0.052275,10.0,0.3274530367287296,0.4465443575715163,0.9761766114076211,0.6963173865298664,110.0,11.0,110.0,,116.0,0.0,48.0,10,11,35.83968266672677,52.345464159999665,56.1375897553461,0.0,4.122392080685302,0.0,3.0,0.05036874208971498,-0.017701921133551568,0.3148635483963381
theta-fuel,tfuel,0.04460582,5.0,0.04265320075265521,0.5409946641831082,0.2635812412940854,0.2779250356548227,10.0,100.0,10.0,,101.0,0.0,18.0,0,0,73.52086412068277,49.856626620909935,39.31789813762362,39.11484414587602,58.356974237798525,0.0,1.0,0.0014890132050442405,-0.20725426117451262,-0.1888313877172146
theta-token,theta,0.970764,6.0,0.1259352116470471,0.7617056370117283,0.3768833567022378,-0.002709448993212801,11.0,100.0,0.0,,111.0,0.0,22.0,0,0,59.02039785294587,43.73195800115346,37.65952438531859,0.0,0.0,0.0,2.0,0.007898166107165655,0.011958651862286855,-0.0932569182233954
thorchain,rune,5.23,1.0,0.3003690191462199,0.20939874744612758,0.22463052119942145,0.1584564576364097,100.0,0.0,0.0,,0.0,0.0,47.0,1,10,43.991593228155374,72.05250928779638,47.329399186707526,0.0,43.951603524751064,0.0,1.0,-0.051304203071903365,0.11772194555091595,0.011058654913374913
thunder-token,tt,0.0050142,8.0,0.0619302607157126,0.5634121252142836,0.7698156431321258,0.6467251541154876,10.0,1.0,11.0,,108.0,0.0,17.0,10,10,57.99634879829592,75.9597357259978,67.95928694258228,41.8420722814889,196.50886830714904,160.05605625865263,3.0,-0.004220278208968225,1.575603620617553,0.4327021601537739
titanswap,titan,0.01428437,4.0,0.09616130054784112,0.14599420082655468,0.37211365371946203,0.22277387016928787,0.0,110.0,0.0,,101.0,14.0,7.0,10,0,56.8825490069109,56.867997044537795,44.47783397559468,2.019358632079367,8.732269377857804,13.020210610096868,2.0,-0.0015668858161110688,0.08703634242812476,0.029583538475957353
tokocrypto,tko,0.25961,6.0,0.06765257950349905,0.6953356178067608,0.5416015232539613,-0.00036718060310590755,10.0,110.0,0.0,,111.0,0.0,13.0,0,1,55.911226996321936,48.38195982406788,49.87288281784106,29.408983982501,32.15577927256943,0.0,3.0,0.025054635263380594,0.12214111286083217,0.25697963771476123
tomochain,tomo,1.5,6.0,0.33570400024411334,1.0597993131018684,0.25631219630428387,-4.802213508069488e-05,111.0,0.0,0.0,,111.0,3.0,8.0,0,10,11.227167330946331,58.458243598905256,37.16572593575133,2.022295860934456,5.445725052738034,0.0,2.0,-0.00462587140841739,-0.03523437510222993,0.040627138801335234
tranchess,chess,0.153066,7.0,0.05240123031258763,0.21544408812079824,0.8518974738333155,0.11606982173845438,10.0,111.0,100.0,,110.0,0.0,15.0,10,1,75.53483172265705,12.229644309049455,71.24038718352115,85.89443736964934,201.6767003954745,26.227595266140284,4.0,0.0014326192629659335,0.43200616683867493,5.779413700053568
trias-token,trias,4.11,11.0,0.09472082592050428,0.8111821869600793,0.651488534435041,0.5919018277617116,11.0,11.0,10.0,,128.0,0.0,5.0,0,11,47.13810862096588,56.4990324619097,81.25766598054061,26.54666857569012,6.237581117018735,180.67459551008736,1.0,0.0019250419811982602,-0.2294630963313429,-0.17894234880635737
tribe-2,tribe,0.289062,4.0,0.12322197054773543,0.054240489666583215,0.3874242141879173,0.2952674626930731,0.0,110.0,10.0,,1.0,0.0,13.0,11,10,37.28291854495253,57.80009876736451,57.36043117514577,23.255600556093732,41.272487721218916,0.0,2.0,0.002702095650231866,0.010311925414643635,-0.14252014899116464
tron,trx,0.101772,5.0,0.034107631669355654,0.1628216998725581,0.6812920436248286,0.04072952254617184,10.0,110.0,0.0,,110.0,0.0,25.0,10,1,37.1197087162928,31.821450115714153,38.108061156784665,46.06687642149197,55.50302963147476,0.0,0.0,-0.0018735561294161193,-0.1347082436551545,-0.1369867199348344
troy,troy,0.00260593,5.0,0.044603776856312734,0.4461770513549699,0.46364004467375924,0.15118020560448173,10.0,10.0,0.0,,111.0,0.0,11.0,10,1,80.27987712094139,53.33944662224545,59.58367844915,62.01157954238487,101.32580471711482,7.763992963915463,4.0,-0.0022830330505108107,0.04134112855247751,0.1732579348447609
truefi,tru,0.04643126,6.0,0.11875889314532437,0.3067628525861773,0.8370440468994831,0.14967977050936138,10.0,111.0,100.0,,100.0,0.0,24.0,10,1,54.285383387037555,35.18811535652232,55.58429468833178,0.5864096010013995,0.0,0.0,4.0,0.002098906979578647,0.10478912557887732,0.8450271118547356
trust-wallet-token,twt,1.21,11.0,0.07091106869783258,0.9477667355945363,0.8924034236948225,-0.0008813402175311513,11.0,111.0,110.0,,125.0,1.0,0.0,0,0,64.84046477946198,52.91708000097652,41.26353303753592,224.08704711589272,145.87394201048437,0.0,3.0,0.002710761046461678,0.15867030676962793,0.6770938843467859
ultra,uos,0.197297,11.0,0.06609840262876002,0.7399964606548947,1.0067086509541312,0.6095893380638784,110.0,111.0,110.0,,116.0,3.0,20.0,10,1,36.344406560689094,28.584868003157215,38.85003098831475,21.136709619006268,114.18157719796221,9.200625325163038,3.0,-0.0010322588679764655,0.12355107094254555,0.1112195774275797
uma,uma,1.82,5.0,0.14255105166613255,0.7850011632724255,0.1382320241147689,0.0740245371017349,10.0,100.0,10.0,,101.0,0.0,16.0,1,10,38.15461901558839,54.76351602763116,47.593072922232906,8.293671655824426,81.05746822722288,0.0,2.0,0.00787347080639638,0.018616347955943437,0.09895710661968334
unifi-protocol-dao,unfi,9.62,13.0,0.16460470160919774,0.9230188523210595,0.9768524516026363,0.9293765754422415,111.0,111.0,11.0,vente,123.0,4.0,8.0,10,0,38.13809572238399,27.88933926696909,13.992700295487941,48.20395934159532,0.0,0.0,3.0,-0.04773110329377726,0.11911382660651605,0.15955890033558495
uniswap,uni,5.22,10.0,0.09395227334436052,0.7733979883021098,0.641238851514966,0.3908313679238353,11.0,101.0,110.0,,116.0,0.0,16.0,0,10,55.15582146644166,58.574791429757624,37.93735752715598,26.742816203243166,4.564445516868197,0.0,3.0,0.04547385715897449,0.2916441590722669,0.1646443522396519
unizen,zcx,0.07723,3.0,0.12179602138466984,0.17529275051020343,0.17788469018569092,0.33875361703419365,0.0,100.0,10.0,,1.0,0.0,39.0,1,1,62.46796338123313,38.899287329467,60.119804228298044,16.857717668275527,26.81951073427716,4.80376211724942,3.0,0.06306218346162135,0.03004332088717803,-0.11320442606212987
unlend-finance,uft,0.288152,8.0,0.06011736332732671,0.42781217532458754,0.8393807373485147,0.6740301823548025,10.0,11.0,10.0,,116.0,0.0,0.0,10,0,65.91982384186693,56.35190846863729,44.050785273649616,86.89298156810165,40.98076606835682,0.0,3.0,0.007205582298647056,0.06151513026541892,0.12243470220249168
unmarshal,marsh,0.088125,7.0,0.1809025303256719,0.7849662829519972,0.8127836460896296,0.4441570203132769,10.0,111.0,10.0,,110.0,3.0,23.0,10,1,18.121647165254206,6.145074633324001,66.1789244278764,3.2455004307177973,0.0,133.19338957123645,2.0,-0.006980809820167413,-0.01095459212378319,0.09363005538588055
utrust,utk,0.069477,11.0,0.057602328290990816,0.2517760983623955,0.7667727672073615,0.8732302771496278,10.0,111.0,111.0,,113.0,0.0,11.0,11,1,80.6634417854157,29.349667877838133,69.45358256406904,45.174428791097384,64.70683390270344,37.2785511763402,3.0,0.014131462720435042,-0.4730606606275874,-0.20111088984360667
vaiot,vai,0.119471,5.0,0.3284844451357223,0.6312547437556001,0.4334968800509326,0.18314381094410956,10.0,110.0,0.0,,101.0,0.0,20.0,0,10,22.211536584208673,50.28654015772597,37.15203076201194,0.0,0.0,0.0,1.0,-0.0023921511913052597,-0.005207960674095072,-0.21364146794873892
vechain,vet,0.02141102,5.0,0.06494929654435072,0.7383243135187625,0.6233359344140849,-0.0027427968621346753,10.0,110.0,0.0,,110.0,0.0,7.0,0,1,47.264599695700426,20.0737743933512,34.308621939578174,6.6115120368076745,1.896223359300791,0.0,2.0,0.012936004982661113,-0.15477359688251946,0.12583279935141653
vectorspace,vxv,0.50804,10.0,0.36489841186982863,0.6218895222696,0.34964335136965885,0.788115852499314,110.0,101.0,111.0,,107.0,0.0,7.0,1,11,16.896884212666414,47.604966467965305,64.85131301792401,65.11787151718673,0.0,17.273387375459194,2.0,0.0025175178644402238,0.09905307848912302,-0.014458341950615962
veed,veed,0.00335927,10.0,0.1454081724614417,0.810378766329847,0.17867561812232846,0.8244391795241103,111.0,0.0,11.0,,118.0,3.0,14.0,1,10,36.7899002381656,61.29963821039554,44.38196157118585,52.11366374565368,47.176084592375204,10.64300951011181,1.0,-9.411746501604507e-05,-0.055249875181913495,0.0043834396458727895
vega-protocol,vega,1.22,7.0,0.10030795768408671,0.7955933494101506,0.6351165723666197,0.1503106969098857,11.0,110.0,10.0,,101.0,0.0,5.0,0,11,40.18473527241272,48.33443154430656,64.65568030990843,0.0,0.0,49.616654310369285,2.0,-6.664652975050355e-07,-0.05362502894903594,0.08366531987550238
velas,vlx,0.01715091,5.0,0.2670468764114517,0.6810690699866919,0.36497901814730416,0.26549990398642925,110.0,0.0,10.0,,101.0,0.0,63.0,0,10,24.78068610684049,48.069820365099,42.02013790063954,76.20419117798704,88.59272469698692,0.0,3.0,0.005907474840970817,0.06076889259255372,0.018192834640593753
velo,velo,0.00304831,7.0,0.09656531934719531,1.0018885185496875,0.16914590979089575,0.17993403900438157,11.0,100.0,10.0,,111.0,0.0,12.0,0,1,51.11262279403099,41.42011836226616,56.59108992701805,6.456098664369549,5.684460524495307,0.0,2.0,-0.0032042656162494746,0.09415999559275463,0.22724932636981343
venus,xvs,7.76,6.0,0.1818163960752947,1.028735011325151,0.18379012535682432,-0.00024734929388539595,111.0,100.0,0.0,,110.0,1.0,8.0,0,10,29.956062022604282,44.406135466451765,42.263524647278274,66.74940777675428,0.0,0.0,2.0,-0.025068045704117182,0.016902620515566322,0.17223276377293384
verasity,vra,0.00765082,10.0,0.08668791078271147,0.5603668032733425,1.0024415557272384,-0.002778990768103386,110.0,111.0,110.0,,115.0,0.0,16.0,10,0,72.35109410190144,61.447866218836154,38.11202685867522,49.97752950392594,61.273751645482186,0.0,3.0,6.840266863425644e-05,0.1525495496616033,0.4345884034793332
verge,xvg,0.00348652,9.0,0.05457326788281904,0.41865422019832405,0.9105160272236973,0.2973350377788678,10.0,111.0,10.0,,116.0,1.0,3.0,10,0,73.31900177232356,57.312158293767006,33.21420857870261,28.889641101709046,41.78887920810274,0.0,3.0,-0.0032621676852693667,0.13721073903114286,0.42886789254976976
verse-bitcoin,verse,0.00038859,6.0,0.06346328628297586,0.5115131117531618,0.37301807006036763,0.5392385538213917,10.0,1.0,10.0,,106.0,0.0,22.0,1,10,43.674872516139445,54.61088056812928,27.466832691096823,0.0,0.0,0.0,3.0,0.0006524174672925117,0.21295635935458418,0.29181931711957754
vethor-token,vtho,0.00140159,9.0,0.08701918444157292,0.8806271344941602,0.7983991078409572,0.3291829061149271,11.0,110.0,10.0,,121.0,0.0,9.0,0,1,41.189202583757385,28.42943685658837,58.034966189320535,4.351895062558015,0.0,0.0,2.0,0.0039844918808405105,-0.12113059097036186,0.18871396221431538
viberate,vib,0.075008,5.0,0.1347773455319777,-0.006034980448730543,0.3734804626961406,0.20749156880567443,100.0,10.0,10.0,,11.0,0.0,13.0,10,0,51.46399337766003,48.460091523262136,45.98343830634811,29.173840719125216,26.801333914900404,0.0,1.0,-0.0009875270930789868,0.014128842904751783,0.017091494301937356
victoria-vr,vr,0.00867468,10.0,0.1343432803655128,0.6070979556301875,0.6951277014971987,0.5858748577242675,110.0,110.0,11.0,,113.0,0.0,19.0,10,1,36.481711721690985,18.88787807791112,77.14867158569909,11.733499709311175,8.707024857163567,45.813895885241706,2.0,-0.0013554909702471574,-0.013174490635284144,-0.010444405048217552
vidt-dao,vidt,0.02298012,9.0,0.0985298193555471,0.5735748230876023,0.8866525592432498,0.6832158299556674,10.0,111.0,10.0,,116.0,0.0,14.0,10,10,48.98350675169883,56.70687706763118,26.524338846780406,16.919159054813548,23.518766448040125,0.0,3.0,-0.004916418582475171,0.04820844526925545,0.2701957472439825
vite,vite,0.01418071,10.0,0.07104369245550587,0.42482423680209813,0.9173120669254828,0.5196478729321383,10.0,111.0,110.0,,116.0,0.0,2.0,10,11,49.92959136036965,50.32497591306439,63.17656863578693,29.479856586871513,8.61645596670018,1.3765686357869313,3.0,-0.0022338807577298413,0.18729856746744916,0.3668895695999296
voxies,voxel,0.179234,12.0,0.11488297922521176,0.8352631290725845,0.8459924079207954,0.8566454931837599,11.0,111.0,11.0,,123.0,0.0,15.0,11,0,47.1160857261121,24.26865343714286,15.028875406520978,0.5968502655762862,0.9520249256945306,0.0,4.0,-0.004719027284690829,0.030692195222092367,0.15111004644318077
vulcan-forged,pyr,6.57,7.0,0.258154413239557,0.4930213006014737,0.5516464035690528,0.4076192436294746,110.0,10.0,10.0,,111.0,0.0,19.0,10,10,44.28306440354435,63.68155927431274,54.36071987255445,4.727068718595632,32.48013868346292,0.0,3.0,-0.005771436530202909,-0.0023742317248422276,0.3021176717421651
walken,wlkn,0.00565945,8.0,0.17814943748296574,0.6934419329888808,0.3863800069271111,0.2830958567867089,110.0,110.0,0.0,,113.0,0.0,9.0,0,11,35.17364941068248,36.70526623556699,43.14888511820036,0.0,79.4471165986829,0.0,2.0,0.015542296840541049,0.35097584531813,0.05371931146123663
wanchain,wan,0.208341,8.0,0.057101103481955684,0.6025624893244164,0.939983195022138,0.0233046591077459,10.0,111.0,100.0,,115.0,0.0,5.0,10,1,54.13967703136307,28.259479018167674,75.29084882949375,17.364651965558522,0.9146712801560781,110.35072287747987,4.0,0.0029577861800248175,0.22651535982303334,7.736898902855124
waves,waves,2.16,6.0,0.058375778819495995,0.491841558335442,0.5,0.13726187494496303,10.0,110.0,10.0,,101.0,0.0,5.0,10,0,67.40798349646886,51.81669112472952,41.730807443567876,39.07680819664871,55.613770973168116,0.0,3.0,-0.009753189625107683,0.09299752823579364,-0.06068109293043487
wax,waxp,0.066148,7.0,0.052558954316036195,0.09573760704309218,0.6587423711364805,0.7507103506210315,100.0,11.0,10.0,,16.0,0.0,8.0,11,0,67.75499766250795,46.542667645435145,24.231556451914877,162.34168105654425,33.02412291482227,0.0,3.0,0.005951194959958985,0.02396954243753234,0.31345890724145475
wazirx,wrx,0.123327,8.0,0.11699534029868588,0.5846281563981599,0.8278343138539327,0.24012678682927951,10.0,111.0,10.0,,115.0,1.0,9.0,10,10,41.16714801679789,55.50718943897412,50.29137320116845,108.31217769599131,104.93384010512821,0.0,4.0,0.016471662120584256,0.08633802846515738,0.9446052324133204
wemix-token,wemix,1.8,14.0,0.040282583278743074,0.900163365332533,0.761875977049511,0.921325718397433,11.0,111.0,111.0,,128.0,0.0,0.0,1,10,55.17250153626376,78.95281018075052,32.09747065034362,249.22006185043153,85.76195653624623,48.25311907918686,1.0,0.0035795920241643545,-0.017171924059471773,0.011902466078531333
wilder-world,wild,0.295722,11.0,0.10106165668321766,0.5295668335933091,1.062772814699167,0.8352211961995615,10.0,111.0,111.0,,116.0,0.0,20.0,10,0,33.06580717728593,-2.3385366479157272,-11.934090617487202,0.0,0.0,0.0,4.0,0.036205040526256685,0.5172717480015507,0.6069961784611838
wing-finance,wing,6.75,8.0,0.10229829210116378,0.8494369189292814,0.642275044122288,0.2144856107315661,11.0,110.0,10.0,,111.0,0.0,9.0,0,11,39.688550969048016,47.21423865563424,56.82185490815577,32.12287612309978,55.04225921934644,3.441887725759429,2.0,-0.022946642290387613,0.028586799748228055,0.42140116517374626
wink,win,6.907e-05,7.0,0.03992439325205536,0.36277725325827587,0.6127067811143334,0.4646304730777006,10.0,110.0,10.0,,111.0,0.0,2.0,10,0,62.20945610621725,60.022058134584796,50.33226904420846,41.40349108896291,4.53351317068249,0.0,1.0,0.000631632850675261,0.019032997043976194,0.028712351224689923
woo-network,woo,0.235298,6.0,0.1403713226326777,0.3455701529041392,0.4697822748107702,-0.0009079850240952402,10.0,10.0,10.0,,111.0,0.0,17.0,10,10,52.58590226533734,53.30380015262973,45.10853269233829,0.0,34.12929934924971,0.0,3.0,-0.00030474067867523256,-0.018770679487501104,0.1485329628919369
woonkly-power,woop,0.0037245,8.0,0.10866238480304284,0.7110458897027957,0.27850494224009176,0.8360142517709382,1.0,100.0,11.0,,113.0,0.0,26.0,1,1,47.99011973362126,38.28359540537684,46.489818393532495,9.551993628434786,0.0,0.0,2.0,0.009812523164745658,0.01253666544159107,-0.33468301357982966
world-mobile-token,wmt,0.139433,5.0,0.08192091015195782,0.5896417482413292,0.11367101802409937,0.7036627765483389,10.0,0.0,10.0,,103.0,3.0,9.0,1,1,53.88994400688177,34.92972443915328,63.43757438423773,16.449923075770286,19.041749688923673,6.417344805056906,1.0,0.0007929647489632271,0.01959673422935127,-0.1207382132138267
wrapped-beacon-eth,wbeth,2066.81,5.0,0.0765969045817516,0.7876386343146664,0.257223429892267,0.15155052583061238,10.0,100.0,10.0,,101.0,0.0,19.0,1,10,36.77065691614184,56.66143210361024,37.693016097260795,6.278267238752846,0.0,0.0,3.0,0.0011949325048199563,0.10496811553232807,0.08556268390189604
wrapped-bitcoin,wbtc,37381.0,6.0,0.04811036744863186,0.8271887750936239,0.27082730080656975,0.15748096561413763,111.0,100.0,0.0,,101.0,0.0,30.0,0,10,43.19628113707721,60.29100127381594,42.33030945953587,165.25021870445062,29.921480814644212,0.0,2.0,0.007678156376557097,0.171230985566265,0.19764884485906656
wrapped-nxm,wnxm,40.26,9.0,0.06659358275946367,0.895020534498685,0.5544292037999704,0.4201577139655572,11.0,101.0,10.0,,116.0,0.0,17.0,0,11,45.86828508587563,46.71355897544567,57.21268270850519,8.108290971952641,0.0,0.0,1.0,0.005641191976146116,-0.09036225618468045,-0.1744095359434703
xcad-network,xcad,0.966963,6.0,0.06958597730382565,0.20569826280711676,0.47896649427797044,0.5333033959315528,100.0,110.0,1.0,,3.0,0.0,33.0,10,10,59.88136136005844,85.06601127959854,66.37745904405212,0.7480072071244166,87.15435628446278,17.44855170079027,3.0,0.008644720269843763,0.34022739751522285,0.07677704349373184
xdce-crowd-sale,xdc,0.051923,1.0,0.0461967657700885,0.2213812505919118,-0.000804393744365664,0.27967824599722974,0.0,0.0,0.0,,1.0,8.0,1.0,1,11,53.88779941164789,54.47563873243411,56.589564076809296,0.0,38.63046309316185,0.0,0.0,-0.003786770777023971,-0.0030061557039035764,-0.09016076427462083
xdefi,xdefi,0.138952,4.0,0.1404913017141689,0.3879223710181233,0.019738560478107663,0.22417882561130587,0.0,0.0,0.0,,122.0,1.0,26.0,1,1,56.39325544740206,52.80157064768791,54.270881003458555,0.2696001534840917,30.012651727179943,109.51665466793197,1.0,-0.000864960722255812,0.03506276920954053,-0.06604798581471094
xyo-network,xyo,0.00349984,8.0,0.16227144316750658,0.2058761149051934,0.5454058782439125,0.9519066696877992,0.0,110.0,11.0,,23.0,2.0,25.0,11,10,41.365782855505245,73.91953812821757,55.62040817812539,0.0,30.68394216839451,1.3286783351724694,1.0,-0.005860267542281659,0.0990894633219741,0.07025280918753532
yearn-finance,yfi,8418.81,3.0,0.9320161753455279,0.311116019916982,0.21065283677010635,0.32946835687419884,0.0,100.0,10.0,,1.0,0.0,52.0,1,0,62.11346725125148,57.851099817491516,53.99903624617153,42.95548390173062,122.53059733693189,0.0,1.0,-0.0069236297520170464,0.02961546875633307,0.29294726338489
yfii-finance,yfii,1037.83,14.0,0.2861202215176065,0.8678657558231202,0.9153795193968003,0.7798191108559517,11.0,111.0,111.0,vente,128.0,0.0,27.0,10,11,28.71818147846742,39.34224827459736,66.24864890541792,0.0,30.198458712992974,17.343538688571044,3.0,-0.00467714456311564,0.21797555685588546,1.0036315661365995
yield-app,yld,0.071644,4.0,0.03033406581932376,0.6376867818293447,0.17754978956184075,0.11076101901286768,10.0,100.0,0.0,,101.0,16.0,0.0,0,11,38.06645138577842,38.932256909392066,79.80278359028847,67.57093836158066,11.388048876797455,370.3839212083847,1.0,-0.0024779391483481803,0.02782468338308658,-0.193901958795046
yield-guild-games,ygg,0.396507,9.0,0.17913393316879886,0.8412168257406185,0.5339373063927108,0.0581420376062773,11.0,110.0,10.0,,121.0,0.0,13.0,0,10,46.73644542766434,51.880219312009,43.86328804498547,0.0,7.282338946153487,0.0,4.0,0.007404502719869113,0.09980320698963423,0.4868408384141158
zcash,zec,29.2,4.0,0.05175436133254921,0.6749738986911266,0.448836224887892,-0.0010948227029384495,10.0,110.0,0.0,,100.0,0.0,3.0,0,0,65.75649334959425,55.41805487684152,46.256583508174316,22.21559381847384,35.878820792108144,0.9186857801349717,1.0,0.011626971378982288,-0.11536530432539385,0.13296021055873847
zcoin,firo,1.82,11.0,0.05286685631102082,0.7375638170348364,0.9778625068871192,0.5719306534500938,11.0,111.0,110.0,,116.0,0.0,10.0,10,1,58.90298739305365,29.207765223168856,35.07100678886521,8.690824912371305,9.32833614367405,0.0,4.0,0.021610366974924886,0.113387918472389,0.8145643567222735
zelcash,flux,0.416014,10.0,0.16337561648407764,0.6267594180288792,0.7854133089299526,0.43442826827261277,10.0,111.0,110.0,,116.0,0.0,14.0,10,1,33.02209136764886,26.187846708008397,65.89639448212509,0.0,0.0,4.096394482125092,1.0,-0.0026950261358912662,-0.14312549044335565,-0.36751945457302504
zencash,zen,10.85,4.0,0.080868057919897,0.5273311077153968,0.639719883806416,0.030492395627495703,10.0,10.0,0.0,,110.0,0.0,2.0,10,0,70.91897639453919,58.81715649368187,37.64649164467738,18.105612682173984,14.06043839873022,0.0,1.0,-0.08184381250409745,0.04675806273477577,0.21928353402214087
zilliqa,zil,0.02202226,5.0,0.051316695428436275,0.6577146340194621,0.46554727720865924,0.09373670538671987,110.0,10.0,0.0,,110.0,0.0,13.0,0,0,66.18909822489668,60.25165969395025,47.00804905446994,28.3593083401393,62.659206392930635,0.0,3.0,0.021530590250362632,0.013324858828107957,0.4267167787089864
zoid-pay,zpay,0.01254462,13.0,0.6699777425485988,0.8510015295950852,0.9872697085124637,0.7888552189321402,111.0,111.0,111.0,vente,116.0,0.0,9.0,10,11,13.680310915904855,41.503438262625274,54.60129835373494,2.1415780557496333,0.0,0.0,3.0,-0.012828973139838672,0.05288239169294127,0.1949940278449212