tickers,cours,total_tests,ecart_BB_w,position_prix_BB_w,position_prix_BB_d,position_prix_BB_h4,ZL_MACD_hist,Tests_MM_w,Tests_MM_d,Tests_MM_h4,Tests_RSI,combo_rsi,Tests_CCI,combo_cci,CHOP_w,combo_chop,Hammer_1w,Hammer_1d,Tests_VOL,VOL_var_1d,VOL_var_7d,VOL_var_14d
1INCH,0.0943,4.0,0.713099169711343,0.7023850368203851,-0.018443095012409563,0.08362095465508979,1.0,10.0,110.0,0.0,110.0,,111.0,,48.5590276452824,,591.0,51.0,1.0,0.31352519630308223,0.0347898122336921,-0.0753579649342448
AAVE,165.46,8.0,2.9550549775777384,0.926585995681289,0.5908708397632435,0.07114055098176733,1.0,11.0,110.0,100.0,111.0,,110.0,,42.579625774919776,,367.0,-1.0,0.0,0.6013328427268215,-0.10780088965533312,0.4805545256417288
ACA,0.0018,1.0,172.41975070687232,0.0695365379548611,-0.10692929321113956,-0.24195948276630208,100.0,0.0,0.0,0.0,0.0,oversold,10.0,oversold,37.16589412457814,,367.0,296.0,1.0,-0.02809603393433805,0.1790190785844942,2.7020990953784754
ACH,0.00541,3.0,0.7891766507180823,0.6097789482018148,-0.02459061571265582,0.07039788784101876,0.0,10.0,100.0,0.0,110.0,,111.0,,55.40379460677758,,122.0,55.0,2.0,0.36992167099769024,-0.3942127309800599,-0.23365160038299979
ACM,0.276,5.0,0.3797914872166394,0.3699090490867746,0.2076198234900127,0.1391620314167,100.0,0.0,110.0,100.0,11.0,,11.0,,62.22781585030997,,367.0,-1.0,1.0,0.5904507188191811,-0.24048111240110195,0.14772345772638393
ADA,0.2312,7.0,1.0130495424749895,0.760438769262625,0.13632556875656335,-0.011972013500605908,0.0,11.0,110.0,100.0,111.0,,111.0,,52.69830131759623,,339.0,-1.0,1.0,0.021774937147428723,0.12492369210092462,0.03410638364485069
ADX,0.0693,13.0,0.28872744419311597,0.9283326399460151,0.7696340485862881,0.8511824078790805,101.0,11.0,111.0,101.0,11.0,,111.0,,60.92105469418927,,591.0,52.0,1.0,-0.49545819607839936,0.009582946779944368,0.15956852948595926
AERGO,0.0635,3.0,2.785170958950076,0.13586868293802457,0.23387394851307194,-0.007534997111448307,100.0,100.0,0.0,0.0,100.0,,100.0,,37.91064991633387,,591.0,612.0,1.0,0.8226765370909329,-0.7107656481696291,3.0603369255888517
AGIX,0.6141,10.0,1.6602121261456222,0.14227246395304932,0.43357662346608117,0.6273659640546069,1.0,100.0,10.0,1.0,100.0,,100.0,,50.90152702247698,,990.0,911.0,2.0,0.8227596213726825,-0.4628719844347217,0.9185900241795882
AGLD,0.1866,3.0,0.720597275354134,0.5972121978034012,-0.022675634732020226,0.08475349613960527,101.0,10.0,100.0,0.0,110.0,,111.0,,59.57397335531394,,367.0,11.0,1.0,0.2838606463309759,-0.21677717822996656,-0.6302540137765817
AKRO,0.000981,1.0,1.9976332850383438,-0.5228347241507031,0.10720718770832524,-0.006456110437408323,10.0,0.0,0.0,0.0,10.0,,10.0,oversold,29.649318217267744,,934.0,679.0,0.0,-0.10711867014037121,3.294880934510571,1.913881503421844
ALCX,1.91,4.0,2.30503527591762,-0.05833516067308147,0.20328697404907736,0.14281456300754294,11.0,0.0,0.0,0.0,0.0,oversold,0.0,,41.380491278723326,,591.0,138.0,1.0,0.9338720289366474,-0.7084196980714369,9.725630994920543
ALGO,0.1196,11.0,0.9603270188892875,0.8584873356612266,0.44627001952510287,0.3578795836999603,101.0,11.0,110.0,0.0,111.0,,111.0,,44.893413582972066,,-1.0,81.0,2.0,0.05615833455075755,-0.5274736937724271,0.5543726747924519
ALICE,0.1644,8.0,0.7256949538477095,0.9476373202640525,0.5050417575379745,0.034446422125498886,100.0,11.0,110.0,0.0,111.0,,111.0,,45.6825224757539,,591.0,22.0,0.0,-0.4614312036173788,1.4634300235597626,3.6469648421368035
ALPACA,0.2244,6.0,25.307263100647962,0.9897920598100274,0.6669313750576794,0.2974098244352939,100.0,1.0,110.0,100.0,1.0,,11.0,,17.65057228146422,,920.0,612.0,1.0,-0.7877516496673165,2.2523428715776013,19.631788262163663
ALPHA,0.0097,1.0,3.7805526897964645,-0.06015150702270036,0.009510231342411945,-0.04481087250540387,0.0,0.0,0.0,0.0,0.0,oversold,0.0,oversold,42.5033087815432,,591.0,482.0,2.0,0.03434587200482239,2.927640133060878,3.1852323271444205
ALPINE,0.35,7.0,0.37154019916056436,0.5681040950588526,0.25992416566064686,0.07521370864384622,0.0,10.0,110.0,100.0,11.0,,11.0,,60.65914218433751,,-1.0,55.0,2.0,1.0270653403401273,1.5691197148565792,0.6736248664134533
AMB,0.00032,0.0,30.992870750090894,-0.17710688698136495,0.06569584842945804,0.19805875498150893,0.0,0.0,0.0,0.0,0.0,,0.0,oversold,34.65681999155818,,-1.0,612.0,2.0,-0.3923717747354678,15.891496856194143,8.896456822289188
AMP,0.000765,16.0,1.8658294184064477,1.1418663162308245,0.9147875319392114,1.0377012013191813,111.0,11.0,111.0,11.0,11.0,,111.0,overbuyed,44.364773957044264,,367.0,107.0,3.0,-0.038741684660782275,-0.813054267294898,3.9295362852521123
ANKR,0.00451,4.0,0.7593335407771433,0.6978939118024409,-0.02909422803194477,0.15481820334392535,1.0,10.0,100.0,0.0,110.0,,111.0,,54.337648222274495,,367.0,7.0,1.0,0.2762645628095463,-0.4473834120263438,-0.2940916818540432
ANT,7.407,16.0,0.684460945995287,1.0330322082396934,0.8836147799559521,0.8344433383765706,100.0,111.0,111.0,111.0,111.0,overbuyed,111.0,,53.17904182303899,,1375.0,964.0,1.0,3.6504964978713432,-0.6859501242950292,1.1550043391852665
APE,0.1396,4.0,0.39463977227213975,0.4861146157474405,0.1018986770391796,0.06055339525914303,1.0,10.0,110.0,0.0,110.0,,111.0,,62.08711671450034,,591.0,69.0,0.0,1.5295489703005614,0.42426387500142965,0.7514722374249183
API3,0.284,8.0,0.7685091463630155,0.8067490137276085,0.5358292072236797,0.20494343790512085,100.0,11.0,110.0,100.0,111.0,,111.0,,41.28358761768669,,591.0,22.0,1.0,-0.6849453108712605,4.313545627432085,0.8328600048866788
APT,0.7184,6.0,0.9702586145609198,0.6325131891211235,0.029887461655438936,0.041965920596146296,100.0,11.0,100.0,0.0,111.0,,111.0,,55.585873012425445,,339.0,22.0,1.0,0.10659032774069639,-0.17808451552055832,-0.34556981609127924
AR,3.918,5.0,7.901920620165941,0.8265258861812369,-0.019112346983996265,0.04056144289416745,100.0,11.0,100.0,0.0,110.0,,110.0,,35.86762353271389,,122.0,149.0,0.0,0.3081351751001068,-0.0020506906598924783,-0.5015746610887288
ARB,0.1679,3.0,14.92362303178486,0.7415430105672306,-0.05812954711318227,0.01404827796696646,0.0,10.0,100.0,0.0,110.0,,110.0,,40.99666035071796,,73.0,69.0,2.0,0.4172492312719773,-0.5353457081866883,-0.537371165876094
ARDR,0.02096,5.0,1.4382070741318456,-0.041040861837103884,0.013027128275452007,0.2109132017127674,1.0,0.0,0.0,0.0,0.0,oversold,0.0,,31.282431959769603,,829.0,117.0,1.0,0.148758383451543,-0.7835816592303237,4.7982535210033
ARK,0.2216,15.0,4.236784811850689,0.9843640094367294,0.5523225151084451,0.8051400834143904,101.0,11.0,111.0,11.0,111.0,,111.0,,26.805572250402147,,339.0,41.0,0.0,3.0197017715216297,-0.2513534847765566,0.3073156152584094
ARKM,0.1193,7.0,0.6920466185275254,0.5790508607287389,0.1676691509333342,0.047200245154115784,100.0,11.0,110.0,0.0,111.0,,111.0,,52.77879012332974,,339.0,22.0,0.0,0.306070463273125,-0.4004507162984719,-0.023085097051268814
ARPA,0.01097,10.0,0.5903479260318655,0.8845347265110997,0.40037229431926186,0.2958234789826331,101.0,11.0,110.0,100.0,111.0,,111.0,,51.78187851314621,,367.0,22.0,1.0,-0.6576777966421937,0.9560758729176614,-0.2887352535414184
ASR,0.864,5.0,0.3419851792673273,0.37029042045179233,0.3439917548741203,0.18732244556950609,0.0,0.0,10.0,100.0,11.0,,11.0,,62.88284198267924,,591.0,120.0,1.0,-0.6139725071204293,0.2323932197208962,0.9997371950585693
ASTR,0.006586,5.0,0.9735989044898996,0.6837701811319884,-0.0012463939926810274,0.08875107792316311,101.0,10.0,110.0,0.0,110.0,,111.0,,38.698518063371665,,339.0,41.0,1.0,1.421308190435611,-0.21776937232176136,-0.7684385057339037
ATA,0.0012,0.0,5.933992256636604,-0.539390870441997,0.13253151351776563,-0.07403941004827931,10.0,0.0,0.0,0.0,0.0,oversold,0.0,oversold,40.086624253397154,,591.0,262.0,2.0,1.753396985366884,-0.27734757156253365,10.13648886748978
ATM,1.017,5.0,4.450023003623922,0.2675231120688123,0.16407301185167625,0.13979529370974245,100.0,100.0,0.0,10.0,100.0,,100.0,,35.14235941301203,,591.0,-1.0,1.0,5.730611805303694,0.48831383279233154,-0.20216165800181832
ATOM,1.703,9.0,0.6108347005393795,0.5831783346950681,0.23339022001628057,0.2415422255552767,101.0,11.0,100.0,100.0,111.0,,111.0,,50.35179319222004,,367.0,22.0,2.0,0.25705157001893814,-0.3491564732113789,0.25957505956521054
AUCTION,3.496,4.0,0.5637310896709814,0.4971913508400159,-0.006997589507691426,0.03673183652183564,100.0,10.0,100.0,0.0,10.0,,11.0,,48.48457784928559,,367.0,51.0,1.0,-0.09529986696817938,-0.274705487796754,-0.19014004099506196
AUDIO,0.01693,14.0,0.7172010591430207,0.9335115274065385,0.8202724460298186,0.7810469202377371,101.0,11.0,111.0,1.0,111.0,,111.0,,48.67651464165341,,367.0,-1.0,1.0,0.3378335369910569,-0.35436870474336635,3.4096381649432206
AVA,0.2274,11.0,0.9033304041363068,0.7324710927496775,0.04218785530805725,0.3391822511284622,101.0,11.0,100.0,1.0,111.0,,111.0,,51.340073069495794,,367.0,-1.0,0.0,0.38566405808034293,0.09745109002826019,-0.8004443824447097
AVAX,10.077,7.0,1.5719582474697262,0.8356955169456414,0.007257898859726542,-0.014801395974239693,100.0,11.0,110.0,100.0,111.0,,111.0,,42.904614213867454,,73.0,16.0,1.0,0.21095343071653025,-0.2879498200051022,-0.027688145622504174
AXS,1.156,6.0,0.6675764910664369,0.7819518885821762,0.4745205269386857,0.07835780351529902,101.0,11.0,110.0,0.0,111.0,,11.0,,46.65984392187701,,402.0,18.0,0.0,0.8485654979653131,0.8790973125711123,2.0273220499835727
BADGER,0.762,1.0,9.74999140563927,0.04760142933449273,0.16896353055360988,-0.017739387535132684,10.0,0.0,0.0,0.0,0.0,,101.0,oversold,33.490560621215586,,591.0,587.0,1.0,-0.24399201965121456,0.027100072208301018,1.6515318366836345
BAKE,0.0519,6.0,2.0652302933638333,0.04674587239768159,0.33892580088221963,0.18767149316257417,1.0,0.0,10.0,0.0,0.0,,0.0,,39.97274026742175,,591.0,443.0,2.0,0.695386697808922,3.639481970671482,28.98346489341581
BAL,0.967,8.0,6.5179655877319425,0.1536335737184241,0.35782749582277296,0.676554753695721,110.0,0.0,1.0,110.0,100.0,,101.0,,34.400215050577714,,591.0,569.0,1.0,0.14337613137107708,3.49729225200638,9.361401087713762
BAND,0.2186,10.0,0.7503974201967648,0.8818163672474436,0.42824866634191083,0.279101034174402,101.0,11.0,110.0,100.0,111.0,,111.0,,46.28738534331104,,591.0,22.0,1.0,-0.6029522214436488,3.948467495650352,0.9086203740691277
BAR,0.276,5.0,0.31225218386361653,0.43258496172378236,0.044945536906528874,0.12733431981596144,100.0,0.0,110.0,100.0,11.0,,111.0,,56.43604427334339,,339.0,126.0,1.0,3.6306048883641653,-0.25338596274868663,-0.05374782127432505
BAT,0.0977,9.0,1.0132589010409498,0.757961641424716,0.67531610744945,0.18677477808549423,100.0,11.0,110.0,100.0,11.0,,11.0,,42.79286892426844,,591.0,94.0,0.0,0.6522351830306116,2.303260894804058,0.5352256466084345
BCH,283.7,5.0,0.970968998420514,0.7393013322034254,0.24498386154519086,-0.0012603467955360412,100.0,11.0,100.0,0.0,11.0,,11.0,,48.327341919424626,,-1.0,18.0,0.0,0.4386447616836271,-0.5153465197667829,-0.5103295746055758
BEL,0.1158,4.0,0.8785954884956568,0.5391472898576427,-0.020445463887099218,0.06091354289886267,0.0,10.0,100.0,0.0,110.0,,110.0,,58.385427656582344,,122.0,22.0,0.0,-0.018200419155863904,-0.12139177904740046,-0.16097893816329423
BETA,0.00036,0.0,30.57633828326429,0.03816390427696291,0.1379986564023692,0.09664421758430289,10.0,0.0,0.0,0.0,0.0,oversold,0.0,oversold,34.89268716129891,,-1.0,575.0,3.0,1.309109640481166,15.926637630937934,5.213085807873418
BICO,0.01899,2.0,8.075569859121327,0.4162031860747146,-0.040492565687842375,-0.004269354009530856,0.0,0.0,100.0,0.0,110.0,,100.0,,27.933223643744775,,591.0,74.0,1.0,0.8319982585138396,-0.0629713015098775,-0.2363438185810671
BIFI,32.1,1.0,6.773973763127035,0.02012863545835725,0.1300560266224737,-0.0251855524912328,10.0,0.0,0.0,0.0,100.0,,100.0,,26.37006402373711,,612.0,301.0,2.0,0.025968386098681587,-0.176392601926988,2.446515035791677
BLZ,0.0582,9.0,1.9476832884121762,-0.08733150319540516,0.1719608703314874,0.2935495179923148,11.0,10.0,0.0,1.0,10.0,,10.0,,50.33124919636203,,-1.0,-1.0,2.0,0.5326425258607406,17.828404502688613,5.338192582603081
BNB,731.15,4.0,0.6470625626229867,0.737969548055683,-0.019738718549670548,-0.011957896549509484,0.0,10.0,110.0,0.0,110.0,,110.0,,41.30937060062582,,668.0,51.0,2.0,0.39108424422243016,-0.0065735870941139385,-0.3047740369840179
BNT,0.3125,3.0,0.5197370701045917,0.6270643190507588,-0.025371963950587596,0.019612535176561495,0.0,10.0,100.0,0.0,110.0,,110.0,,53.37327947209335,,591.0,22.0,1.0,0.2732856111698958,-0.46354764763013906,-0.08186893758743777
BNX,1.7819,15.0,15.282396032727672,1.2049196330814438,1.0368769676204388,0.8297892296342316,110.0,11.0,111.0,111.0,11.0,overbuyed,11.0,overbuyed,31.743856572296334,,913.0,612.0,2.0,0.8568396923222792,0.8016977979111404,-0.3077108793185507
BOND,2.152,14.0,2.537785586887662,0.24538649367029564,0.7550030067928433,1.1126342343602795,111.0,1.0,1.0,11.0,1.0,,1.0,,48.613126402324426,,934.0,890.0,2.0,-0.14244529620053847,-0.6458066531586918,2.762707319689129
BSW,0.0112,1.0,3.8684172963260295,0.03203126235314081,-0.19995302899093173,-0.09439918652031366,0.0,0.0,0.0,0.0,0.0,,10.0,oversold,52.81642873683513,,591.0,482.0,2.0,-0.13291294876356607,5.5893684888541415,5.934037212376885
BTC,81268.01,4.0,0.6325315484917601,0.7927081743196476,0.0022594209985663154,0.02555925914809224,0.0,10.0,110.0,0.0,110.0,,111.0,,40.90524493094368,,591.0,16.0,1.0,0.6519183375145456,-0.021466109439397404,-0.12985418228337234
BTS,0.0054,6.0,0.8395660509314844,-0.1832069101885677,0.1963199995181735,0.07181933680013114,10.0,10.0,0.0,0.0,110.0,,100.0,oversold,47.24171437507128,,1606.0,1074.0,1.0,2.791813066549543,1.1381762951641452,18.723254689745904
BTTC,3.6e-07,7.0,0.7209176920331545,0.8849979099874256,0.3269230769230824,3.529303946892653e-14,100.0,11.0,110.0,0.0,111.0,,111.0,,33.50447932298463,,24.0,2.0,1.0,0.20394680831583617,-0.6876440154748065,-0.4137460568768856
BURGER,0.0172,1.0,16.298234242975678,-0.5752464620980854,0.053470249189308226,-0.24200440942028825,0.0,0.0,0.0,0.0,100.0,,100.0,oversold,44.03815458424719,,-1.0,611.0,1.0,1.4862761523180743,4.1405063472961725,0.5600620971375098
C98,0.01574,7.0,0.6135634659271936,0.6679234678737985,0.23714635155987407,0.164638437903742,100.0,11.0,110.0,100.0,111.0,,111.0,,56.53334508657199,,591.0,22.0,1.0,-0.5545788935563902,0.843140075018786,1.1717806253209955
CAKE,2.145,4.0,2.3588355609211513,0.6966759415408721,-0.040263927527941425,0.10225450278006284,1.0,110.0,100.0,0.0,110.0,,110.0,,34.42448184243691,uncharged,892.0,72.0,2.0,1.9363232828252708,-0.5769222044199181,-0.3870588265124197
CELO,0.09005,7.0,0.9773330487226749,0.8087991593621393,0.07265338481460175,0.09918818117214895,1.0,11.0,110.0,0.0,111.0,,111.0,,41.193219686126334,,591.0,10.0,0.0,0.25608351660523165,-0.5983098581807966,0.8989435824397355
CELR,0.002827,5.0,1.4731324988808507,0.7803190670060614,-0.027867689042819218,0.13076205544124173,100.0,11.0,100.0,0.0,111.0,,111.0,,29.206225191489384,,591.0,-1.0,2.0,1.151891509269028,-0.8008677951061676,-0.8761934118707609
CFX,0.0489,3.0,0.4362971984054392,0.5867416584546483,-0.026330602652698654,0.052940102627542826,0.0,10.0,100.0,0.0,110.0,,111.0,,58.05378506788511,,591.0,22.0,1.0,0.5268897727769506,-0.30858734864831205,-0.12738944292971147
CHESS,0.00281,0.0,6.420111007607702,-0.6549587748621521,0.08867252132627285,-0.10765578190827456,10.0,0.0,0.0,0.0,0.0,oversold,10.0,oversold,39.61082669852109,,591.0,262.0,1.0,0.11058351883833735,2.6127968952777634,39.5326142166876
CHR,0.0203,7.0,1.2145025773446916,0.8091805854781037,0.3820619066375325,0.022702782880824293,100.0,11.0,110.0,0.0,111.0,,111.0,,43.05778070890572,,136.0,2.0,1.0,-0.22242783488745377,-0.3299546488772446,-0.5143435327548799
CHZ,0.01483,4.0,3.100751298357858,0.37749962984978214,-0.009593598053251535,0.059800521796366274,101.0,0.0,110.0,0.0,11.0,,11.0,,56.13896299457957,,-1.0,55.0,0.0,0.4652109906590629,0.021862087901785385,-0.2034748053085728
CITY,0.343,1.0,0.2473072008216713,0.0781846498349071,0.052293062425877876,-0.0009219821528075109,100.0,0.0,0.0,0.0,10.0,,10.0,oversold,63.13700371667154,,367.0,110.0,0.0,1.6239812976454067,0.2906295900808021,0.6392580223837753
CKB,0.001215,7.0,0.9799497811810858,0.7112351415079273,0.07437275978142838,0.10129195497868061,101.0,10.0,100.0,0.0,111.0,,111.0,,46.275375491769836,,-1.0,-1.0,2.0,0.32927894296931826,0.24626317541079273,-0.16440774155854343
CLV,0.02937,2.0,7.237811507800148,0.19325777104253622,0.048558312945985345,-0.024877358071907815,0.0,0.0,0.0,0.0,100.0,,100.0,oversold,45.57003347885718,,-1.0,-1.0,2.0,-0.3482675192775172,1.0492904796010203,-0.26163309478944424
COMBO,0.0276,0.0,23.250384169083965,-0.022661725964186603,-0.3639750246491356,-0.06156692914535984,0.0,0.0,0.0,0.0,100.0,oversold,100.0,oversold,38.64722864629001,,591.0,576.0,2.0,1.791995294992267,0.9207041835376572,1.7606696439463188
COMP,22.95,8.0,0.8392231560400365,0.8444272365514217,0.3017386035059573,0.17464929982291758,101.0,11.0,110.0,0.0,111.0,,111.0,,45.5568114317292,,339.0,110.0,2.0,1.5847222714051987,-0.5815639092946352,0.6561358612603155
COS,0.000251,2.0,3.033325103520248,-0.44037005493529024,0.15231058607702805,-0.08013787858572656,10.0,0.0,0.0,0.0,100.0,oversold,100.0,oversold,42.45030987297552,,591.0,-1.0,3.0,-0.17920696022297428,-0.5896686679203373,-0.0023972521296470473
COTI,0.0126,2.0,2.2395499571328994,0.5643500017912467,0.18193458659480236,0.14496330128067186,11.0,10.0,0.0,0.0,110.0,,110.0,,47.88800699229866,,668.0,66.0,0.0,0.2663708876382392,-0.3711048352722944,-0.4927565791899637
CREAM,2.1,11.0,12.913136386308851,0.1738262159624675,0.32623731391270994,1.220693751554757,11.0,0.0,1.0,11.0,0.0,,10.0,,34.31044789163016,,-1.0,612.0,2.0,0.10643402277912081,10.39400201233518,4.250678453312842
CRV,0.3391,7.0,2.0729387703283755,0.7597209863248874,0.11015475337312018,0.0805339986371684,0.0,10.0,110.0,10.0,110.0,,110.0,,49.59924511121047,,591.0,4.0,2.0,0.5663512420326391,-0.5099596903250306,0.28892274566223886
CTK,0.1182,3.0,0.5686692221538765,0.49673711602827925,-0.007265392348498834,0.018895398715842702,0.0,10.0,100.0,0.0,10.0,,111.0,,58.83204939732094,,122.0,34.0,2.0,0.1319004237278618,0.3834281286574724,-0.16782288076901214
CTSI,0.03302,17.0,0.6276241361511418,1.0200090662403876,1.0421334735024181,1.012211137988047,111.0,11.0,111.0,111.0,111.0,,111.0,overbuyed,49.65030619118934,,339.0,-1.0,2.0,-0.6530575181409476,0.6205347374534449,-0.6608149824019918
CTXC,0.0634,7.0,9.584486136834306,0.2163200236363321,0.1741842475676829,0.33193589967809844,111.0,0.0,0.0,1.0,100.0,,0.0,,37.98464972087206,,675.0,569.0,1.0,0.7254338301779327,2.38639917603182,0.9898465548700054
CVC,0.02547,4.0,1.2532374487115319,0.6310515464706589,-0.022169820386195735,0.028960206923096508,100.0,10.0,110.0,0.0,110.0,,111.0,,35.2395353091189,,339.0,-1.0,0.0,0.8501715946169174,-0.7488119499102565,-0.8294820824674923
CVP,0.0339,0.0,7.405470428628155,-0.4755572684005881,0.14244773118348214,-0.3371848633838268,10.0,0.0,0.0,0.0,0.0,oversold,0.0,oversold,37.666953020299,uncharged,920.0,863.0,3.0,1.1607731765502038,0.11902024020731475,0.6849255081094251
CVX,2.045,6.0,2.120618338937024,0.7288298798831643,0.28993920354516395,0.016018054279432602,0.0,10.0,10.0,0.0,110.0,,110.0,,48.83159311889596,,339.0,10.0,1.0,1.5376932683601552,-0.1671693747035667,0.8821403096082602
CYBER,0.313,7.0,0.5680096134322534,0.3315628435972777,0.18480910589758653,0.3145114307581448,101.0,0.0,100.0,100.0,11.0,,11.0,,64.26735661396695,,591.0,13.0,1.0,-0.5562996709672887,1.1721411681350327,-0.03106571119921609
DAR,0.21707,18.0,1.0811467416223366,0.8973341714574853,1.0010768347970567,0.7225785156306479,110.0,111.0,11.0,111.0,11.0,,111.0,,62.624238446909054,,990.0,675.0,0.0,-0.5095988639444643,2.6242806522814757,0.6212911715747336
DASH,50.6,3.0,2.7708796728553144,0.640903163721199,-0.011042065804933537,0.041125021391502474,0.0,10.0,100.0,0.0,10.0,,110.0,,44.255090945366064,,122.0,18.0,1.0,-0.1375084680354461,-0.6355424385625441,-0.23460597684154808
DATA,0.00088,1.0,20.392125998061793,0.026881312050022855,0.062094680767723134,0.13980109904073493,1.0,0.0,0.0,0.0,0.0,oversold,10.0,oversold,34.44310870689724,,591.0,262.0,1.0,-0.31403059298066593,0.6934778078446995,1.6516266054842665
DCR,17.18,4.0,1.0504475148375823,0.7843057167370601,-0.01091448790748383,0.04607545085322799,0.0,10.0,110.0,0.0,10.0,,11.0,,57.506699908764325,,542.0,56.0,1.0,0.5241436035300377,-0.4741300067882639,-0.3996584156130483
DEGO,0.028,1.0,139.77242892123937,0.030977429485672395,0.11117344076630041,-0.02309972489672005,0.0,0.0,0.0,0.0,0.0,,0.0,oversold,30.72203630579102,uncharged,-1.0,188.0,3.0,0.3679528141143227,0.023505548166536067,0.3255264997003401
DENT,3.8e-05,1.0,4.838382255467123,-0.25242081211809353,0.11757225755090563,-0.10287895819535285,10.0,0.0,0.0,0.0,10.0,oversold,0.0,oversold,36.2351794872991,uncharged,591.0,209.0,2.0,0.31229093991612894,1.0891352667979717,7.5018380276995735
DEXE,1.758,2.0,3.5216103734848145,0.31733913958012644,-0.02781036671933646,-0.009714323520482274,110.0,100.0,0.0,0.0,100.0,,101.0,,25.54337112234122,,-1.0,-1.0,1.0,0.46615041842704047,0.8921229670439798,0.048250177974462564
DF,0.00164,1.0,9.507990108863027,-0.3092088950428109,0.12496297043813542,0.1328653597852362,11.0,0.0,0.0,0.0,0.0,oversold,10.0,oversold,26.703019864436182,,367.0,262.0,1.0,-0.14802591688103084,0.6574126311053607,20.82532533627689
DGB,0.0037,2.0,1.7086477045656858,0.511848754604008,-0.047940865429669396,-0.0019377005076507165,0.0,10.0,0.0,0.0,110.0,,110.0,,52.21568319407358,,367.0,94.0,2.0,0.5434806945036771,-0.5654515843906157,-0.5129824502701722
DIA,0.1673,10.0,0.899402564191774,0.9138074330761836,0.6062124051471802,0.3356923721026344,101.0,11.0,110.0,100.0,111.0,,111.0,,53.347364454803305,,591.0,22.0,1.0,-0.6899266202301988,2.065418375997074,0.46112754688978763
DOCK,0.0039,2.0,20.978171832746323,0.03083432674632709,0.04617516458140433,-0.09043621119428401,0.0,100.0,0.0,0.0,0.0,oversold,0.0,oversold,33.68447808062614,,920.0,890.0,2.0,0.375824317079786,-0.7006071785415288,9.760475899879665
DODO,0.01861,9.0,0.5687625265251802,0.4372039999118958,0.07570890700811934,0.32984528135505736,1.0,0.0,10.0,1.0,110.0,,100.0,,57.472137360802115,,591.0,68.0,1.0,0.06540866934117831,0.05256524935627632,-0.10745304381264645
DOGE,0.08313,3.0,0.6066759405496837,0.5065540263642505,-0.027426160337551894,0.011664567975798058,0.0,10.0,100.0,0.0,110.0,,111.0,,53.014939241782834,,339.0,18.0,2.0,0.6947844373322218,-0.24502282665750139,-0.31473967642099066
DOT,1.042,4.0,0.9032421153106592,0.6381689342386152,-0.03333027861460422,0.07899003566348628,1.0,10.0,100.0,0.0,110.0,,111.0,,51.24081591840121,,122.0,34.0,2.0,0.5096304877569627,-0.21596952887915988,-0.05512666463140388
DREP,0.0256,1.0,8.22576482781389,-0.4888615062149066,0.2439918757280386,-0.2684879946661395,10.0,0.0,0.0,0.0,110.0,,110.0,,29.023107818089443,uncharged,-1.0,964.0,1.0,-0.2637141666991536,1.526914183437605,1.8500620096240894
DUSK,0.0751,4.0,1.0048015697831933,0.4211940670117281,-0.0018988659635044691,0.11585641427224332,101.0,0.0,100.0,0.0,10.0,,11.0,,59.35247225598011,,591.0,31.0,0.0,0.8162809773212475,0.27215959694243863,-0.009910307968173365
DYDX,0.12916,6.0,0.8657769509773442,0.4824845006242007,0.1001753292546965,0.1637336544545367,101.0,1.0,110.0,0.0,111.0,,101.0,,59.96834927483653,,591.0,22.0,0.0,1.0828407657148391,0.22071874964909244,0.23112385437379065
EDU,0.0654,15.0,2.134518480445681,1.0570383853923648,1.0204375969706823,0.7612394619156838,11.0,11.0,111.0,111.0,11.0,,111.0,,36.43009783704798,,-1.0,11.0,1.0,-0.7224812368863959,5.800988711571291,3.7449481978977337
EGLD,3.942,3.0,1.3732190204995143,0.6845519044899794,0.03978786133868512,0.1470251211786897,1.0,10.0,100.0,0.0,110.0,,110.0,,45.7584143129991,,934.0,104.0,2.0,0.2974165549016849,-0.18337069211443605,-0.6786831921619314
ELF,0.2272,9.0,4.251648271039767,0.2481039557994725,0.4328599407107701,0.8695109461185286,111.0,0.0,1.0,1.0,101.0,,101.0,,39.35887084046174,,612.0,542.0,1.0,-0.042593676142440536,-0.15468771236372428,0.6809494589220689
ENJ,0.02929,7.0,0.6565760362176265,0.5283768210594483,0.37770353727568357,0.1674435858730264,101.0,1.0,110.0,0.0,111.0,,111.0,,50.513941369534116,,339.0,18.0,1.0,3.0627723313785506,3.882570890337819,3.729579782560608
ENS,6.17,3.0,1.1851927447780397,0.7372828716529537,-0.02432511593592417,0.010939515637211518,0.0,10.0,100.0,0.0,110.0,,111.0,,47.602609491919004,,339.0,94.0,2.0,0.8980215182348481,-0.4633273535535828,-0.2614065331544334
EOS,0.7799,16.0,0.9780946961785293,0.7372172389496793,0.350419091717091,0.9002301174770411,111.0,111.0,101.0,1.0,111.0,,11.0,,51.61147644890536,,591.0,612.0,1.0,2.0720703143946704,-0.6443258575421058,-0.4664522012993493
EPX,1.94e-05,1.0,7.323279896958667,-0.33529958472309684,0.03984724380712873,-0.218580585330516,0.0,0.0,0.0,0.0,0.0,oversold,0.0,oversold,43.19985737152074,,-1.0,794.0,3.0,0.8044569471327511,-0.4285351285202203,2.7482519410106323
ERN,2.183,17.0,2.1903336542863636,0.48086940047202054,0.9552385390990135,0.9483287424087408,100.0,1.0,111.0,111.0,1.0,,101.0,,46.37526420327037,,1200.0,612.0,0.0,-0.4561115278360344,-0.5732379956972439,6.204699751165256
ETC,7.96,3.0,0.5776888882717871,0.6194638326204263,-0.03069998039241486,0.008104789003676572,0.0,10.0,100.0,0.0,110.0,,111.0,,48.48967875972032,,591.0,55.0,0.0,0.17267600051243318,-0.5322254074585601,0.09285346596660864
ETH,2429.18,3.0,1.11074118965461,0.7159744256171015,-0.04285152476003382,-0.005544895931896787,0.0,10.0,100.0,0.0,110.0,,110.0,,39.08585834763461,,122.0,12.0,1.0,0.8837039038342864,0.01271054298248274,-0.34386559475461626
EUR,1.1194,4.0,0.04589570807729918,-0.004143533793697933,0.15744541615732904,0.3235170387133484,11.0,0.0,0.0,1.0,0.0,,10.0,,29.539434449837096,,367.0,-1.0,2.0,0.45249793653500797,0.427995650342881,-0.35036515827406034
FARM,5.8,1.0,1.770437366473836,-0.09112103713277714,0.18223895648269417,0.008572844053254678,11.0,0.0,0.0,0.0,10.0,,10.0,oversold,44.31749214068427,,381.0,262.0,1.0,0.8832935927927114,-0.36487676519752826,1.413037076899029
FDUSD,0.9982,8.0,0.002106271503395491,0.15491836889636226,-0.0002558716803730768,0.22696329603205545,1.0,10.0,100.0,1.0,10.0,,10.0,,41.89119800871712,,3.0,0.0,1.0,1.3080282598528759,-0.1018829456446595,-0.3395121503619434
FET,0.2172,7.0,1.5069585410531134,0.7029010221092897,0.38352241597575343,0.08290992394199093,101.0,11.0,110.0,100.0,111.0,,111.0,,45.72266011831287,,-1.0,-1.0,0.0,0.274086396367248,0.12662665977721388,0.3079255496726259
FIDA,0.01998,4.0,0.5716658513678878,0.38797709949629,-0.020601701009978934,0.07716759575259072,100.0,0.0,100.0,0.0,110.0,,100.0,,68.12649074506363,,-1.0,22.0,2.0,0.36983767884247043,0.3813203124648195,0.14328023879374965
FIL,1.0176,9.0,0.9515155618463875,0.8564529766190713,0.3590251681672159,0.16253983752336756,101.0,11.0,110.0,100.0,111.0,,111.0,,51.15479472783959,,122.0,55.0,1.0,0.15475907871568648,-0.3375694348742813,-0.40141396403905116
FIO,0.00094,1.0,6.841916622905339,-0.5077350375781203,0.1559073600264324,0.022432854187474854,10.0,0.0,0.0,0.0,0.0,oversold,0.0,oversold,23.820696724642776,,612.0,168.0,3.0,0.20791328422280161,-0.015599356394373962,6.204766455032117
FIRO,0.3,1.0,8.630813404530022,0.019570151575903864,0.13569060562935717,-0.04572739183836207,10.0,100.0,0.0,0.0,100.0,,100.0,,29.484484167508263,,-1.0,586.0,1.0,-0.07476523924639668,9.217259485080747,5.743997083096409
FIS,0.0191,2.0,10.72524847115517,0.0514912087966513,0.08670324657746191,0.10521347369376492,1.0,0.0,0.0,0.0,0.0,,0.0,oversold,38.29759638874591,,591.0,387.0,0.0,-0.4974561774324739,0.21740271577103595,2.895575051462927
FLM,0.0167,3.0,1.093748169861263,-0.050962629744983654,0.08514212345173558,0.15947229261504417,1.0,0.0,0.0,0.0,100.0,,1.0,oversold,44.458793677336004,,367.0,363.0,1.0,-0.18030839855500563,-0.5474910120724001,12.607729525108343
FLOKI,2.553e-05,4.0,0.571023283715534,0.608206659023913,-2.9714385793585728e-05,0.025202968479133538,0.0,10.0,100.0,100.0,110.0,,111.0,,59.00231806160542,,591.0,143.0,1.0,-0.05152994432146158,0.04692218479399556,-0.14311903769884532
FLOW,0.02963,5.0,0.33474865581379765,0.6127904386876928,0.004843014552523853,0.00635459221008391,0.0,10.0,110.0,0.0,111.0,,111.0,,64.25864673732384,,367.0,22.0,1.0,0.12065309803098882,-0.2946504609547725,0.6573979586124449
FLUX,0.0758,7.0,1.618223621584201,0.988816717187584,0.6028771656425461,0.1362954756866107,100.0,11.0,110.0,100.0,111.0,,111.0,,33.095812083425855,,73.0,22.0,1.0,-0.6719668189885107,0.8841133416520858,0.4328695691823436
FOR,0.00306,0.0,4.551189760050721,-0.3343524815461812,0.15558921948445664,-0.17886514838945033,10.0,0.0,0.0,0.0,0.0,oversold,0.0,oversold,44.60063914859449,,934.0,892.0,3.0,0.9155144700579315,-0.41977978385628284,0.6625122239260449
FORTH,0.237,0.0,7.226260928020052,-0.1283141957581215,0.174507199697568,-0.17436114597390084,10.0,0.0,0.0,0.0,0.0,oversold,0.0,oversold,27.07376169658299,,339.0,199.0,2.0,0.05525750506217427,-0.13442755952708543,3.809888263769622
FRONT,0.88,14.0,2.047062407996411,0.41711518106418344,0.8770293486223395,0.8220477157325645,101.0,101.0,11.0,101.0,1.0,,1.0,,39.94780548026459,,920.0,785.0,2.0,0.2504952197048349,2.1923364156455665,1.6890324947468396
FTM,0.6994,7.0,3.3135494003797255,0.4018618334540274,0.2782182774479793,0.534502130583638,10.0,110.0,1.0,10.0,110.0,,110.0,,53.104975466376494,,668.0,638.0,1.0,-0.3734409062401908,-0.24091848678938763,-0.25720110825298814
FTT,0.2522,9.0,0.6355863858182982,0.635812819539143,0.3862333870410719,0.4956404584475485,101.0,11.0,100.0,1.0,111.0,,111.0,,53.29726551325553,,367.0,16.0,2.0,1.0517543662494875,-0.5128746263011768,-0.7447047449346217
FUN,0.000342,1.0,3.7425523307427784,-0.27721444975929993,0.24129132725951719,-0.006571927090931062,10.0,0.0,0.0,0.0,0.0,,0.0,,45.35125956344887,,-1.0,222.0,1.0,0.0777325843479857,-0.4281571329329715,8.624729247315685
FXS,0.812,9.0,37.26295883658127,0.3089073118588174,0.823766019511015,0.4961473901771738,110.0,1.0,11.0,110.0,1.0,,11.0,,43.22633899147057,,283.0,374.0,2.0,-0.05844095458848568,2.9742025741827565,0.877469204711603
GAL,2.542,16.0,2.503218999334227,0.2422377472191299,0.939027430958468,1.0008646676873925,111.0,101.0,11.0,111.0,101.0,,1.0,,39.85988340953601,,1200.0,954.0,2.0,0.927750748752298,0.8979228762970415,2.182194436653813
GALA,0.002155,5.0,1.1755213255552055,0.4871614321500963,0.36698619937903915,0.03747280453378278,100.0,1.0,110.0,0.0,111.0,,111.0,,49.976223700917856,,339.0,66.0,0.0,0.6969716595201002,0.6752236828280425,0.3426859351003673
GAS,1.302,4.0,0.8092136147226155,0.6786873856034716,-0.015142399932023338,0.11135517025071842,1.0,10.0,100.0,0.0,110.0,,111.0,,47.12071255870801,,367.0,4.0,0.0,1.6074720617479779,-0.6457821895900954,-0.43514185304040987
GBP,1.18,3.0,0.08063467160015605,0.030630138574137385,-0.012196125170727306,-0.007791466225049541,0.0,10.0,0.0,0.0,10.0,,10.0,oversold,55.14420684521482,,1375.0,1066.0,3.0,-0.011046525726487299,0.6056275671241498,0.13445750597606956
GFT,0.00196,1.0,3.1979765064119294,-0.7125434808259302,-0.330127042975623,-0.05107786913261502,0.0,0.0,0.0,0.0,0.0,,0.0,oversold,30.021913195664844,,-1.0,750.0,2.0,0.4025341334613344,30.082996951418203,14.92512876857258
GHST,0.108,5.0,5.219699433950463,0.1373077685007921,0.34903114228535204,0.32862943163540187,110.0,0.0,0.0,100.0,0.0,,11.0,,41.32703396700878,,367.0,262.0,1.0,-0.7556535570095552,2.4403284505895124,2.878668628170467
GLM,0.1266,11.0,0.6422259159976632,0.8058655184142931,0.38783066986027626,0.33269471724026217,101.0,11.0,110.0,101.0,11.0,,11.0,,49.111355445756075,,-1.0,4.0,1.0,-0.10454643595884894,0.04025990037866091,-0.8272096782448282
GLMR,0.010942,10.0,1.1413315901948955,0.88874389373367,0.7642346268532654,0.3675537878048407,100.0,1.0,110.0,110.0,111.0,,111.0,,52.024033607057966,,591.0,-1.0,0.0,2.3234930785186916,0.4486694569867788,4.269498231139449
GMT,0.00771,5.0,0.618511830466085,0.47430556673013397,-0.006765305377888166,0.08240139662689865,101.0,10.0,110.0,0.0,110.0,,111.0,,54.76370599320367,,339.0,116.0,1.0,1.6574933386269841,1.0744696848202504,-0.08601278032868154
GMX,7.86,6.0,0.7695417765772664,0.7507754738062815,0.22496599391608513,0.09607864496656258,1.0,10.0,110.0,100.0,110.0,,110.0,,55.065629100049904,,339.0,18.0,1.0,0.6908419372800761,0.2955698576462022,0.47272260030817614
GNO,115.13,5.0,0.28492238324808705,0.6198168832105093,0.16456973463680485,-0.007450347676274638,0.0,10.0,10.0,100.0,10.0,,11.0,,43.077826294594196,,381.0,5.0,1.0,-0.7194947055004473,-0.32085512793329996,0.3122190887225174
GNS,0.387,6.0,0.6653362858716214,-0.0004988927981420269,0.05919088965129981,0.3066082105355906,1.0,0.0,0.0,1.0,110.0,,100.0,,57.620071298803744,,339.0,4.0,0.0,0.37691564010305817,0.045106705656417355,0.5986009710443624
GRT,0.02615,7.0,2.3836777461181105,0.7712451165438579,0.39082736113579275,0.07719845898372776,101.0,11.0,110.0,0.0,111.0,,111.0,,36.036512191356564,,591.0,72.0,1.0,0.4224499392588106,-0.6740563363481918,0.7025596754318769
GTC,0.18084,15.0,4.462862485148557,1.2106860633600185,0.9117772659378554,0.5782035622657129,111.0,11.0,111.0,111.0,111.0,,111.0,,25.29414468514198,,591.0,16.0,0.0,1.0776380550654974,38.66945350287319,29.857035118053044
HARD,0.0095,1.0,3.9786973692305656,-0.7860165580089274,0.14911648460431917,0.1134662669095546,10.0,0.0,0.0,0.0,100.0,,100.0,oversold,44.65275470136974,,990.0,562.0,1.0,1.375832371375842,12.331906202061974,5.705741582755471
HBAR,0.09066,8.0,0.7398542796439339,0.7388162167875179,0.2613118643711508,0.12845365366452965,101.0,11.0,110.0,0.0,111.0,,111.0,,36.985009930328715,,990.0,36.0,1.0,0.43954982753753613,-0.6901646155747634,1.0338119104140209
HFT,0.00711,6.0,2.0123945044848854,0.14274820195555826,0.33131197435378984,0.3730972280588639,1.0,0.0,100.0,1.0,0.0,,110.0,,23.33281367307998,uncharged,591.0,82.0,2.0,5.530168722693898,-0.9369448053586931,9.650847172108959
HIFI,0.127,11.0,14.012789137692602,0.5708756825782324,0.4738208554549793,0.26430587238529457,101.0,10.0,110.0,100.0,11.0,,11.0,,24.331661160916376,uncharged,591.0,456.0,0.0,-0.6339294207258954,4.94375775363694,23.404802903203468
HIGH,0.034,2.0,5.742577255753086,-0.09005313966261679,0.19773331671552408,-0.003946703490590872,10.0,0.0,0.0,0.0,10.0,,100.0,,29.808264149184183,,-1.0,116.0,2.0,-0.31944650639349714,-0.5498332699649137,0.7799365260284707
HIVE,0.0532,5.0,0.7351789526373903,0.6061697154521208,-0.0030459383091101617,0.12150857901961153,101.0,11.0,100.0,0.0,111.0,,111.0,,50.894493711317836,,10.0,11.0,1.0,-0.278646094304494,-0.6966486674339152,-0.8043689980212826
HOOK,0.0078,3.0,6.1533724310046685,0.011392843305319813,0.20528498877388943,0.15088561322941046,10.0,0.0,0.0,0.0,0.0,,0.0,oversold,32.26976208417098,,591.0,222.0,1.0,0.09587405307256391,-0.48437217443149827,0.06123978628001853
HOT,0.000402,5.0,0.6190841894168323,0.7298594857700754,0.05132124974319126,0.09692409720711516,101.0,10.0,110.0,0.0,110.0,,111.0,,56.52226118919447,,591.0,22.0,2.0,0.8107442768758492,-0.5104344967063048,-0.593377605875776
ICP,2.977,5.0,0.8315750657744402,0.8073125135658753,0.19354103611790083,0.05832505582734722,100.0,11.0,110.0,0.0,110.0,,111.0,,45.74546946701365,,367.0,10.0,1.0,0.4347222341266478,-0.39915432973217835,0.46983858155601277
ICX,0.00841,2.0,4.093384430343206,-0.037157562347361735,0.032586105064671335,-0.011614840487962214,0.0,0.0,0.0,0.0,0.0,oversold,0.0,oversold,25.35595790520717,uncharged,584.0,35.0,2.0,2.5542301686204243,-0.7736743022853054,1.2039676649664095
ID,0.0361,8.0,0.6314339368744656,0.6864293680222598,0.19502000505502096,0.1092266089437214,0.0,11.0,100.0,100.0,111.0,,111.0,,55.03947622976168,,591.0,124.0,2.0,-0.09852486816524314,0.2118730132421572,-0.419279220034503
IDEX,0.00199,0.0,5.8809964632034095,-0.08355151278123152,0.1384993710170372,-0.07829882245026404,10.0,0.0,0.0,0.0,0.0,oversold,10.0,oversold,40.71231989357899,,367.0,-1.0,2.0,0.5004882699438452,-0.28978131647679317,1.9101969628088715
ILV,3.65,7.0,0.6046262760084947,0.6900417332538482,0.16368120048749438,0.04207125936336178,100.0,11.0,110.0,0.0,111.0,,111.0,,57.87423569018137,,-1.0,-1.0,0.0,-0.07481742030629528,0.7446936529636525,-0.3586962392722322
IMX,0.1689,7.0,0.9638223461547238,0.8259407901521668,0.48171072032238643,0.12305504556126101,101.0,11.0,110.0,0.0,111.0,,111.0,,41.33975479965836,,934.0,22.0,1.0,-0.020299370643206242,-0.1252743385631313,0.557505590196091
INJ,6.632,5.0,1.3041702947466247,0.7342413004434968,-0.05547728025326698,-0.020642589617531588,100.0,111.0,100.0,0.0,110.0,,110.0,,45.54273072871937,,920.0,95.0,1.0,0.3546610840559205,-0.33698569363325803,-0.35494966596389466
IOST,0.000807,5.0,1.071953658628258,0.5995910684830598,0.04976320080464124,0.18711608920546113,101.0,10.0,100.0,0.0,11.0,,110.0,,20.378035571115134,,339.0,116.0,2.0,1.2594657948532821,-0.5100875203269181,-0.7978072314284472
IOTA,0.0496,7.0,1.158796845676975,0.6950725381027432,0.30511216171621075,0.03855848298825313,101.0,11.0,110.0,0.0,111.0,,111.0,,46.67906317658834,,73.0,11.0,1.0,0.7538723363815968,-0.2720321390880424,0.6883505775032696
IOTX,0.003632,11.0,1.060445356072724,0.7817049636518278,0.5642806245963655,0.3570608908732288,100.0,11.0,110.0,110.0,111.0,,111.0,,56.13014703285555,,339.0,12.0,1.0,-0.3538367689754949,0.18624858907104258,-0.6600890581866
IQ,0.000809,6.0,0.8656408511517122,0.5299657020981123,-0.02265699265534297,0.14269581848946059,1.0,10.0,100.0,0.0,111.0,,111.0,,55.977945770052465,,339.0,16.0,1.0,0.22093505195900673,-0.8019251741547188,-0.7255678862023386
IRIS,0.00521,1.0,1.105419441049967,-0.4300878760128809,0.032438384759775236,-0.22462001865963796,0.0,0.0,0.0,0.0,10.0,,0.0,oversold,44.49335544749115,,920.0,-1.0,1.0,-0.38117774984901415,-0.4779287552351832,10.665588721890792
JASMY,0.00464,7.0,0.5440368242885594,0.517190105150896,0.35456694045370574,0.06335132911699046,101.0,11.0,110.0,0.0,111.0,,11.0,,53.38738508784324,,591.0,64.0,0.0,0.6884496106085418,-0.1354793258860802,1.5933262068585854
JOE,0.0365,8.0,0.7986626665365325,0.7536142304809849,0.2817837000937414,0.07996849507483869,101.0,11.0,110.0,100.0,111.0,,111.0,,47.42777884168842,,122.0,106.0,2.0,0.3311466392367992,-0.8063999756072588,0.3736634281048632
JST,0.13978,14.0,0.9499089001022379,1.0096521578633257,0.777744352666074,0.5371020102413745,100.0,111.0,111.0,110.0,101.0,,11.0,,41.99914617706275,,549.0,6.0,1.0,0.014393343217312013,0.0288305143002995,0.143528483058803
JUV,0.325,7.0,0.3226652595192947,0.4603273929904535,0.6496962377130284,0.1930821533482717,100.0,1.0,110.0,100.0,11.0,,111.0,,59.66539423332747,,934.0,-1.0,1.0,0.4045103206918969,-0.3045414251355974,2.372741536322037
KAVA,0.06815,12.0,1.3782138882000983,0.8990850030442064,0.2379878427454819,0.5281024174942578,111.0,11.0,100.0,1.0,111.0,,111.0,,32.854668623474765,,591.0,16.0,1.0,1.203794029137139,-0.5238773667290981,-0.5966018563599452
KDA,0.006,1.0,300.65985761711175,0.0061913505348536535,0.035892924106627686,0.04012983096147823,0.0,0.0,0.0,0.0,0.0,oversold,1.0,oversold,33.58496376964317,,-1.0,-1.0,2.0,0.7374446952025366,-0.13557657771225776,0.22117074604368195
KEY,0.001253,1.0,2.280206799123255,-0.30866516457390963,0.052270750921456555,-0.1385905627067164,0.0,0.0,0.0,0.0,0.0,oversold,0.0,oversold,42.97724700487648,,990.0,685.0,1.0,-0.010311428345470589,-0.6832072301671626,3.4323986588655653
KLAY,0.1255,11.0,0.5051865334457143,0.25076493329739047,0.4674381068064845,0.9619249002514793,111.0,0.0,1.0,11.0,10.0,,10.0,,49.20335440015704,,892.0,750.0,2.0,-1.0,-0.685046948647243,0.2448993202601224
KMD,0.0163,1.0,4.868334545096405,-0.5700696886133971,-0.03733849159541846,0.07941618921249391,1.0,0.0,0.0,0.0,0.0,oversold,0.0,oversold,40.26068760933394,,591.0,501.0,1.0,0.16575164544889318,7.483244247489172,2.160430440396869
KNC,0.1302,4.0,0.6183132173965558,0.6560284392015164,-0.019172754999954574,0.08023831873044779,1.0,10.0,100.0,0.0,110.0,,111.0,,50.140488056228214,,367.0,16.0,2.0,0.30384751939250626,0.6515517388280077,-0.525892212831093
KP3R,16.48,2.0,1.8954556727489715,-0.31467526221893954,0.17511581490595451,0.009426029707014588,10.0,0.0,0.0,0.0,10.0,,10.0,oversold,45.56011115486473,,850.0,757.0,1.0,0.8643737398471922,-0.10024661335788357,1.1241605423441634
KSM,4.53,7.0,1.0851712070262272,0.7896741565956383,0.23738041395772957,0.0963509614163406,101.0,11.0,110.0,0.0,111.0,,111.0,,46.850368357073265,,381.0,34.0,0.0,-0.43902582783560345,0.47452856812327787,-0.17331740655577776
LAZIO,0.427,15.0,0.5902168020394261,0.7171994623949494,1.0179806745602138,0.647910715072335,110.0,1.0,111.0,111.0,11.0,,11.0,,55.57685456920315,,591.0,22.0,1.0,1.5104979609343996,2.334582854495828,1.3455144357173519
LDO,0.4044,4.0,1.3283489117200702,0.699891938030004,0.0950606233532532,-0.0040623450290890725,0.0,10.0,110.0,0.0,110.0,,110.0,,57.744589886121034,,339.0,133.0,2.0,0.37671675500570656,-0.4799919270987202,0.3563010660198179
LEVER,0.000175,0.0,78.67359121017849,0.1255288052819819,-0.15840224316552162,-0.1647655815321338,0.0,0.0,0.0,0.0,0.0,oversold,10.0,oversold,50.06284823915615,,591.0,569.0,1.0,-0.3810265034242867,7.321116611762677,5.476368692796859
LINA,0.000337,2.0,33.46589410197235,0.07081863546656295,0.06903999915833677,0.016623935306028296,0.0,0.0,0.0,0.0,100.0,,100.0,oversold,32.72331055075425,uncharged,612.0,612.0,1.0,2.9443687359239763,4.353448458556393,7.362115399370203
LINK,12.48,4.0,1.633371043897435,0.7664407664148886,0.10858773302663172,-0.005708353358582025,0.0,10.0,110.0,0.0,110.0,,110.0,,39.5631443401204,,591.0,51.0,1.0,0.5856045923949079,-0.5890565175033325,0.29624885982577526
LIT,0.743,6.0,1.5157789378260595,0.4202042840595874,0.5395865848121673,0.43143373340832236,1.0,0.0,10.0,1.0,100.0,,100.0,,58.78839484015688,,934.0,675.0,0.0,-0.3901724389135012,0.14115758661554648,8.650675577490302
LOKA,0.1237,15.0,2.805272991840949,0.973166132647735,0.8460676703067314,1.0030012955660335,101.0,11.0,111.0,101.0,11.0,,11.0,,51.3831733773279,,591.0,482.0,2.0,1.0645065342059499,-0.565618137656201,-0.4391757560254065
LOOM,0.04831,3.0,1.7651428784513812,0.21910834676127064,0.43902934828083595,0.17605577494151883,110.0,0.0,0.0,100.0,0.0,,11.0,,48.27754969255144,,-1.0,782.0,2.0,-0.26461606791463604,-0.7617376132898119,-0.4990493039092107
LPT,1.716,9.0,0.8008550876769602,0.6136660475399839,0.2874071228572299,0.32737300337682557,101.0,1.0,110.0,100.0,111.0,,111.0,,59.451021903646804,,934.0,16.0,1.0,-0.36078467356314503,0.1984369670377322,-0.03604732720634745
LQTY,0.2172,4.0,0.7141310267496742,0.5661733535351338,-0.020035501516992946,-0.009598384933501253,0.0,10.0,100.0,100.0,110.0,,111.0,,57.151524765046815,,591.0,12.0,2.0,-0.2335582233338854,-0.5324422592096746,0.39753247503280886
LRC,0.01879,2.0,3.2451432672766556,0.05846657014951852,0.09634715279820734,0.03875664474958916,101.0,0.0,0.0,0.0,0.0,oversold,1.0,oversold,36.06166896885757,,339.0,231.0,2.0,2.044094700393489,-0.5522459200967819,2.5340449201769872
LSK,0.2387,9.0,3.98518592855359,0.5973502911930592,0.12203754618702786,0.37245329398683397,11.0,110.0,100.0,1.0,110.0,,110.0,,19.357937942275456,,262.0,55.0,0.0,-0.3174067883731648,-0.7039610800828485,-0.7784369385228536
LTC,62.57,6.0,1.0032335745817356,0.8252507455716489,0.21888147566859945,0.03999495368415194,100.0,11.0,110.0,0.0,110.0,,111.0,,41.58957318397905,,591.0,143.0,1.0,0.32210803119525383,-0.5687967605637999,0.08643442787181262
LTO,0.0038,2.0,20.627836426623382,-0.005944758136776301,0.007128110093843946,0.0723660883918616,0.0,0.0,0.0,0.0,0.0,oversold,0.0,oversold,50.84476991274143,,591.0,481.0,3.0,1.2419365593149,9.64629098990567,6.888964022782688
LUNA,0.0445,4.0,0.5349279252521768,0.31110374644238137,-0.03799443771059482,0.09998738949696849,1.0,10.0,100.0,0.0,110.0,,10.0,,56.252179374591705,,591.0,17.0,2.0,0.5951117197084611,-0.5227525211935757,-0.5849620376500392
LUNC,4.942e-05,3.0,0.9699302389295186,0.2683894935365738,-0.017211453390449473,0.1241534904340471,101.0,100.0,100.0,0.0,100.0,,0.0,,63.727156091468565,,591.0,116.0,2.0,0.5194047603804665,-0.319524487010966,-0.3491517552303013
MAGIC,0.0627,8.0,0.7542605855236288,1.0519784900976714,0.7880967027374572,0.3956030552279376,100.0,11.0,110.0,100.0,111.0,,111.0,,45.35043674427302,,73.0,22.0,0.0,-0.12881526650610062,0.7320404414743041,5.227476809243941
MANA,0.0924,8.0,0.7653194490983092,0.8831546564688812,0.4376701677799507,-0.012953198790633742,100.0,11.0,110.0,100.0,111.0,,111.0,,40.20159166946431,,367.0,-1.0,1.0,4.0993598533620705,5.579264393497154,3.061968478688815
MASK,0.436,4.0,0.567641201444938,0.6124137044406086,-0.016512880435647113,-0.005105053291932434,0.0,10.0,110.0,0.0,110.0,,111.0,,52.94964159276212,,892.0,13.0,0.0,-0.06720138278734983,0.01755339041568377,-0.20284576698386117
MATIC,0.3794,10.0,1.5165034260625163,0.14966865987162373,0.28787002089624714,0.8015491136848101,110.0,0.0,1.0,11.0,1.0,,0.0,,50.14035371512702,,892.0,786.0,1.0,0.8827173774131302,-0.34731949332834233,-0.05217059882777353
MAV,0.0107,5.0,0.6943972260117439,0.5523389188074512,-0.004829053787665258,0.05842337310624681,0.0,10.0,100.0,100.0,110.0,,111.0,,60.88567296647544,,367.0,22.0,1.0,-0.3235868562727611,0.031121806274593402,0.507689612463909
MBL,0.000727,3.0,0.5487575070675249,0.5163348528319694,-0.03342853583258347,0.10523669858396596,101.0,10.0,100.0,0.0,110.0,,111.0,,51.45418186330838,,892.0,138.0,0.0,0.48740478992133784,0.6753359427349771,-0.447826176454625
MBOX,0.0021,2.0,6.259928465363302,-0.35684650436548265,0.17766779943268718,-0.0653644983171266,10.0,0.0,0.0,0.0,10.0,oversold,0.0,oversold,41.38761322558557,,934.0,254.0,3.0,-0.15991438405489142,-0.5481667760430462,0.28499778672853926
MDT,0.00403,1.0,2.5433811054865654,-0.12149381752658771,0.05753677359114312,0.09725199480538692,0.0,0.0,0.0,0.0,0.0,,0.0,oversold,49.396376768600675,,-1.0,-1.0,1.0,-0.6373016208147666,-0.6784072514146204,11.108181228317637
MDX,0.0345,6.0,2.1800748764571334,0.11868399766715013,0.3608423848800491,0.3558460270178166,101.0,0.0,0.0,1.0,1.0,,0.0,,49.497809331589295,,-1.0,817.0,1.0,0.08228667456160337,-0.5833947854501863,7.986153214609905
MEME,0.000533,3.0,0.38921410578283416,0.32962118759162956,-0.027774877591457137,0.05508474576270281,1.0,10.0,100.0,0.0,110.0,,110.0,,64.19790292709932,,10.0,22.0,0.0,2.191830715291188,2.481719515023078,1.1839930609983218
MINA,0.0786,3.0,29.82169630698803,0.5848957884034491,-0.1427900461455338,0.17360683854834974,1.0,10.0,100.0,0.0,110.0,,110.0,,35.39909996552553,uncharged,367.0,107.0,2.0,0.5037576033272201,0.8512952075289353,-0.4504896107417043
MKR,1813.7,13.0,0.5492541457570863,0.4655935167710044,0.8081677320389591,0.6019327014660069,0.0,101.0,11.0,110.0,101.0,,100.0,,62.75825985091733,,850.0,501.0,1.0,0.03746456529871376,-0.425850676391023,0.023342446593421898
MLN,1.7,1.0,1.5374424518799603,-0.07963695007714551,0.10856974518615943,-0.019042123485265475,10.0,0.0,0.0,0.0,0.0,,0.0,oversold,49.267623777238775,,381.0,222.0,2.0,0.59982141411815,-0.8683229083310855,15.939194787989893
MOB,0.0623,2.0,7.855497846187411,-0.2021965465398374,0.28365629491287364,-0.05904424058366588,10.0,0.0,0.0,100.0,100.0,,0.0,,49.07981901204001,,-1.0,-1.0,0.0,-0.6474423192115433,4.184662157928416,18.542797652620813
MOVR,1.848,6.0,2.275248122379082,0.9981104782488114,0.6638072117667932,0.17448610308892248,100.0,1.0,110.0,0.0,111.0,,111.0,,29.82828584715717,,591.0,22.0,0.0,0.6585333669294487,3.6210151105994064,9.369534268970533
MTL,0.2935,5.0,0.9236447043763982,0.7566257909200531,-0.000217251738642933,0.14868700039338484,101.0,11.0,100.0,0.0,110.0,,111.0,,42.957633018834265,,367.0,80.0,1.0,-0.17602050245335787,-0.42402585873437737,-0.8070158007973586
MULTI,0.834,1.0,1.482304877450517,-0.22317384373997448,0.1369859936347168,-0.12761842707847934,10.0,0.0,0.0,0.0,10.0,,100.0,oversold,34.243593008778994,uncharged,-1.0,1004.0,2.0,2.0726589046619863,-0.7941923454915503,-0.056938656886744016
NEAR,4.697,9.0,20.070734437022345,0.9489106698979898,0.4628215772372633,-0.0013941236052881828,100.0,111.0,110.0,100.0,111.0,,110.0,,30.834766220322106,,591.0,12.0,2.0,0.8415854830178191,-0.3811752262872308,-0.36284358205826306
NEO,2.3,3.0,0.6955837439484195,0.5996141520461643,-0.0231878946378819,0.06550227686466628,100.0,10.0,100.0,0.0,110.0,,111.0,,48.458809669193045,,591.0,-1.0,2.0,0.42387893964243695,-0.04561321561837593,-0.24533999733981737
NEXO,0.814,3.0,0.29540849778731404,0.6256115424698371,-0.0036263022740847693,-0.0015521727861270889,0.0,10.0,100.0,0.0,110.0,,111.0,,51.437833780681906,,73.0,74.0,2.0,-0.09776017170757433,-0.1546148588131328,-0.05174754477358692
NKN,0.0073,6.0,4.200514851584285,0.13261727495930115,0.31423796467381293,0.23877590934450835,11.0,0.0,0.0,100.0,0.0,,11.0,,49.68341217668566,,339.0,262.0,1.0,-0.4838118393308351,3.654222429553817,18.93066242453227
NMR,13.98,12.0,0.7455337531746681,1.1457478357247768,0.8077948523451549,0.4101397808175315,110.0,111.0,111.0,100.0,111.0,,111.0,,33.1339420848958,,367.0,-1.0,1.0,-0.36264384374466574,-0.027243038823765255,19.278345891637166
NTRN,0.0016,1.0,20.311159433688985,0.08645856409998637,0.11592422290537088,0.02217139331173602,10.0,0.0,0.0,0.0,0.0,oversold,0.0,oversold,19.12125368465091,uncharged,339.0,243.0,2.0,0.7406060528429147,-0.5794724631193982,1.3299274724800425
NULS,0.0258,4.0,16.058337722729483,0.10549780160768304,0.14944769051305704,0.2086244562008488,111.0,0.0,0.0,0.0,0.0,,1.0,,27.934406456657456,,591.0,562.0,0.0,0.4761033177304517,4.933656290839646,4.9125617479894625
OAX,0.0358,1.0,1.7829617946974363,-0.49975978927282455,0.09100035207456333,-0.2348525614281482,10.0,0.0,0.0,0.0,10.0,oversold,10.0,oversold,50.85170468190214,,-1.0,750.0,0.0,-0.06790185566468833,-0.546495662970413,3.221604405273759
OCEAN,0.6123,10.0,1.726689911641423,0.13589484988905515,0.4064102167780915,0.6238875239597996,1.0,100.0,10.0,1.0,100.0,,100.0,,48.718140109819586,,-1.0,960.0,2.0,0.3526872590312431,-0.35063278026321576,1.706785818058982
OG,2.696,3.0,0.2174149869779345,0.448221255938832,-0.01422730598647759,-0.012454959554968309,0.0,10.0,100.0,0.0,10.0,,111.0,,60.90326607137976,,129.0,21.0,1.0,2.4079418507521724,-0.30803937289654254,-0.17766917221554318
OGN,0.03928,17.0,2.3758544450094816,1.3688227900717924,1.328881963926127,1.0946185845543408,111.0,11.0,111.0,111.0,111.0,overbuyed,111.0,overbuyed,27.90084717608239,uncharged,122.0,22.0,2.0,-0.16747655356156455,1.7810645563475276,4.478635027767102
OM,0.0669,11.0,1.6352193230045562,0.3844023506986634,0.6551895552580669,0.5033849002955819,0.0,1.0,111.0,110.0,11.0,,11.0,,55.05444586004126,,1095.0,254.0,2.0,-0.6452609898615329,-0.4430148454222181,-0.17143614553375996
OMG,0.383,6.0,3.622443367693236,0.11347175964547371,0.28094221948023557,0.4711324865404427,10.0,100.0,0.0,0.0,100.0,,100.0,,39.39748716317056,,1389.0,940.0,2.0,0.13987940951659353,-0.7664855266997266,2.503813754504809
ONE,0.002076,6.0,27.58988506481475,0.6668492939302288,0.268416688254022,0.08486643674707084,111.0,11.0,100.0,0.0,111.0,,111.0,,34.99593794106751,,591.0,51.0,0.0,0.06247029118245704,-0.43319609709937634,-0.6321006678596008
ONG,0.08415,2.0,3.5856253986096904,0.7241371935688805,0.07373294215137291,0.17136985933736662,1.0,10.0,0.0,0.0,110.0,,110.0,,31.874095432153304,,339.0,4.0,1.0,0.3514114471039171,-0.32656144427227923,-0.4199402245108742
ONT,0.05964,12.0,0.8120282316235292,0.8797382202746039,0.6818818368605014,0.6174593518248532,101.0,11.0,110.0,1.0,111.0,,111.0,,41.20345528359885,,591.0,110.0,2.0,0.5308885639721878,-0.025598860159245593,-0.07852448251198554
OOKI,0.000119,1.0,4.01049673696726,-0.7210960765454848,0.1567727192637862,-0.08967856656969649,10.0,0.0,0.0,0.0,0.0,oversold,0.0,oversold,41.089239790205276,,1613.0,750.0,3.0,1.0193113000925333,0.42412716221696967,15.576555968707638
OP,0.1159,5.0,0.9145724905252307,0.644470516931106,0.014270495710755282,0.13475342998916867,1.0,10.0,100.0,0.0,111.0,,111.0,,56.29790968256718,,339.0,107.0,2.0,1.1738839430390873,-0.026048273879062726,-0.24027088321972473
ORDI,4.091,5.0,0.7269448423595549,0.641955312067134,-0.0426343066387703,0.04279089556976487,0.0,110.0,100.0,0.0,110.0,,110.0,,56.82523964993033,,-1.0,1.0,1.0,0.19223846121557228,-0.25447081829124524,-0.11366728127639193
ORN,1.053,10.0,1.2941715643019043,0.2476897448389737,0.4392748399924774,0.9811936134270871,111.0,0.0,1.0,111.0,0.0,,10.0,,55.5036157689922,,-1.0,746.0,1.0,4.402822812091146,0.7394344729387345,0.4158040930931421
OSMO,0.0332,5.0,1.1251094246013174,0.3627125934779036,-0.010443197118346553,0.178523057899938,101.0,0.0,100.0,0.0,110.0,,100.0,,54.65851655435912,,367.0,-1.0,0.0,-0.37637445703700984,-0.20604338193636285,-0.07945100467130996
OXT,0.0094,1.0,2.6226013202597622,0.07200849999354246,0.21103270361534338,-0.011353626172508865,10.0,0.0,0.0,0.0,10.0,,100.0,,48.60765889224694,,591.0,194.0,1.0,0.59006382488562,-0.44958077631212523,6.021108952130204
PENDLE,2.095,3.0,2.2527664980505278,0.6912474382368348,-0.03904726330908427,0.05290416000588626,0.0,10.0,100.0,0.0,110.0,,110.0,,44.33671218581812,,381.0,111.0,2.0,2.0827841952826436,-0.41067171869336483,-0.3587631811957614
PEOPLE,0.00762,3.0,1.6495031472558568,0.5632915531899844,-0.06028477190940554,0.05744636330784152,0.0,10.0,100.0,0.0,110.0,,110.0,,45.55544541771155,,934.0,22.0,2.0,0.7393759675881604,-0.2803419454743123,-0.34013129423383703
PEPE,3.78e-06,3.0,1.1549305714199647,0.7052034901367155,-0.013515970844526147,-0.0033371050818195576,0.0,10.0,100.0,0.0,110.0,,110.0,,48.470546056375696,,591.0,22.0,1.0,0.3324644019801424,-0.24730868678528123,-0.40253553330697667
PERL,0.0046,2.0,1.4913075758746446,-0.49628282002875,0.12335986837940269,-0.033877999152617244,11.0,0.0,0.0,0.0,10.0,,10.0,oversold,44.419513144034255,,1865.0,1109.0,1.0,1.9764214965630156,6.145373998080687,31.519517357982146
PERP,0.125,3.0,1.3702389636365953,-0.16627771530858018,0.15222465054092071,0.03194667123826762,10.0,0.0,0.0,0.0,100.0,,100.0,oversold,40.71758066210545,,367.0,359.0,1.0,0.7179104995602122,-0.4208547350208164,6.666251721504005
PHA,0.0616,8.0,19.397188921967825,0.9156602756250792,0.44294324523401485,0.18850240021916992,101.0,11.0,110.0,0.0,111.0,,111.0,,28.301448709927172,,591.0,-1.0,0.0,-0.027770693792494094,-0.7683964432260136,0.3335013936406906
PHB,0.015,1.0,11.79419425923173,-0.20783723626157738,-0.06384578342438181,-0.4427828132147785,0.0,0.0,0.0,0.0,10.0,oversold,10.0,oversold,39.366066144457164,,1060.0,222.0,2.0,1.3863188610496908,-0.32234586674739013,6.356128328140506
PIVX,0.0097,4.0,15.968697199276328,0.04690961435222092,0.003400389324501097,0.2017903344551599,1.0,0.0,0.0,0.0,0.0,oversold,0.0,,40.05738845503473,,591.0,116.0,2.0,1.9010241834249408,-0.20894713892970077,1.631992694608055
PLA,0.2347,15.0,0.5974922372565077,0.8808343612661947,1.0196933910553043,0.9483332212077605,111.0,101.0,11.0,111.0,101.0,overbuyed,101.0,overbuyed,54.19847172795797,,1228.0,1007.0,1.0,0.09081606872243568,2.2702269899449004,1.2104790035113109
PNT,0.035,5.0,5.10814230798726,-0.2858189155172841,0.2573681886760844,0.13688976549178566,10.0,100.0,0.0,0.0,100.0,,100.0,,36.91257289610068,,-1.0,975.0,2.0,-0.4845203698020247,1.2880743919609987,7.916434409327205
POLS,0.3079,2.0,5.151830846885411,0.10669815676083494,0.1899477317174281,-0.0034982843297450454,100.0,100.0,0.0,0.0,0.0,,0.0,oversold,30.683906628706342,,-1.0,825.0,0.0,-0.35580649216676685,-0.7607426453569939,10.125483184654431
POLYX,0.0378,3.0,0.6662674674399247,0.48915000023894717,-0.03420925862146944,-0.0011903429354499964,100.0,10.0,100.0,0.0,110.0,,111.0,,50.9629606131825,,122.0,4.0,1.0,-0.3243784525205902,-0.3427821525325805,-0.7216972227365699
POND,0.00081,2.0,2.2681804594462105,-0.06155641363967684,0.07114461035525477,0.018164125693572678,0.0,0.0,0.0,0.0,10.0,,0.0,oversold,50.06567595261977,,920.0,222.0,1.0,0.22576944707961014,-0.7694446664742168,2.595821694394588
PORTO,0.45,3.0,0.6803412820819915,0.3957345237304313,0.1484384753453133,0.28071902212525895,100.0,0.0,100.0,0.0,11.0,,11.0,,49.08752355657156,,934.0,-1.0,1.0,0.8238263289009385,0.3541325540416876,-0.058434777595831225
POWR,0.0605,4.0,1.2827656613000933,0.7302612154114606,-0.007420681898438739,0.10750573402206536,101.0,10.0,100.0,0.0,110.0,,111.0,,37.460777466244295,,10.0,19.0,0.0,-0.31204954213664043,-0.37163070202526804,-0.8636390212984161
PROM,5.079,7.0,7.472607629098286,0.7396892197539725,0.19168742378598097,0.2224278835959673,0.0,10.0,110.0,0.0,110.0,,110.0,,45.03052224236721,,367.0,72.0,2.0,-0.2265251773767265,-0.36043783503310933,-0.0829587748875428
PROS,0.0372,7.0,15.993965809713922,-0.23848929122381105,0.18054505911485014,0.38901472082598554,11.0,100.0,0.0,0.0,0.0,,0.0,,40.5497852587914,,591.0,587.0,2.0,3.7692864710167706,5.677744037214418,3.4074236232493305
PSG,0.451,2.0,0.8118911198735778,0.26906333179558267,-0.005577031439269967,-0.003146346056741993,100.0,0.0,0.0,10.0,100.0,,10.0,,58.2261297344672,,367.0,22.0,1.0,1.993116802458717,-0.18094578833756125,0.27085786968417835
PUNDIX,0.1082,4.0,1.2264934485381724,0.6377889948389768,-0.020918361167483086,0.12708223510202857,101.0,10.0,100.0,0.0,10.0,,111.0,,43.03642881753736,,367.0,16.0,0.0,1.8757221818525058,-0.062364275378200634,-0.8328163867807656
PYR,0.021,1.0,3029.25613890043,0.06013671196571778,-0.2979612564468324,-0.2249286399656958,0.0,0.0,0.0,0.0,0.0,oversold,1.0,oversold,33.09857984286905,,367.0,66.0,2.0,3.9920235745042607,-0.5423886757453157,0.016254584623163322
QI,0.002645,7.0,5.726480141555141,0.9925158157594511,0.5483392153574369,-0.018532041826113295,100.0,11.0,110.0,100.0,111.0,,111.0,,33.382854027462535,,339.0,-1.0,0.0,1.5933010575893762,-0.815938100101243,6.280807785872675
QKC,0.002591,5.0,0.8430443025921335,0.7355863934629167,-0.01616004843637133,0.07621138630435743,101.0,11.0,100.0,0.0,111.0,,111.0,,48.98433122057429,,591.0,3.0,0.0,-0.7368938712295502,0.15248820784448475,-0.6270329374906444
QNT,231.57,7.0,6.23232674148485,0.9837373676929243,0.6298885942653416,0.019014471972598635,100.0,111.0,110.0,0.0,111.0,,111.0,,21.27526948992861,,465.0,22.0,0.0,-0.021608131085235956,-0.5042133211626573,25.660067040580312
QTUM,0.908,4.0,0.8788288081498893,0.7031516545592482,-0.0109962788608411,0.14296854761679648,1.0,10.0,100.0,0.0,110.0,,110.0,,45.34020672877663,,808.0,105.0,1.0,3.982295974171898,-0.5933290124420306,0.11830313703990608
QUICK,0.01021,6.0,0.6482628311783397,0.877201960044307,0.4713082703479646,0.021446285159424542,100.0,11.0,110.0,0.0,111.0,,111.0,,41.51128828526312,,339.0,-1.0,0.0,-0.548838585563379,-0.645753037021195,10.222793514609851
RAD,0.279,8.0,0.4141946688863437,1.0314677491841,0.6599296415379337,0.09929221888817322,100.0,11.0,110.0,100.0,111.0,,111.0,,31.99122000911606,,367.0,48.0,1.0,-0.6097730762071147,1.7758966766323663,4.400459614390008
RARE,0.01592,11.0,1.0370579547939385,0.7066908291459126,0.4547476849974217,0.3088873866017469,101.0,11.0,110.0,0.0,111.0,,111.0,,44.33313220393923,,367.0,1.0,1.0,1.4498040324034465,-0.9169343097689808,8.500776884884974
RAY,2.3557,13.0,16.26028838805012,1.064085306214621,0.913475209655303,0.6061284825207317,110.0,111.0,111.0,110.0,111.0,,110.0,,31.270646805440382,,10.0,116.0,1.0,1.6277141607226275,-0.2857482361292575,-0.4712602910546319
RDNT,0.00328,0.0,3.7825117182418184,0.06228972757651147,-0.012388528756432413,-0.07685617430731154,100.0,0.0,0.0,0.0,0.0,,10.0,oversold,35.45723614516694,,591.0,222.0,2.0,0.401981693510623,-0.6762027651035761,4.882541296882647
REEF,0.000688,0.0,3.4652909904651774,0.0619248343969031,0.20090442559574606,-0.02607210141633227,110.0,0.0,0.0,0.0,0.0,,0.0,,35.35409530776125,,892.0,790.0,2.0,0.5377868215485566,-0.58483203176086,2.3270333065902755
REI,0.00401,1.0,4.988743196360521,0.01930458286757972,0.1085541028281994,0.12815371415831317,11.0,0.0,0.0,0.0,0.0,oversold,0.0,oversold,40.886660270287436,,367.0,340.0,2.0,0.22836973270104957,-0.2833787348633513,0.4352518394819602
REN,0.04274,6.0,0.7849162862537894,0.605218052529371,0.2765319473896162,0.09974568095330964,0.0,10.0,100.0,0.0,10.0,,10.0,,33.899704443737896,,934.0,728.0,0.0,0.07869858823638831,-0.7865445103439078,4.858893126881315
REQ,0.0519,2.0,0.28631723569706885,0.29945696992056775,-0.019179047888949967,0.06651763336459775,0.0,0.0,100.0,0.0,110.0,,110.0,,55.35748122154611,,367.0,-1.0,1.0,-0.2235324183153197,-0.4168453845931766,-0.39612266937828217
RIF,0.0812,4.0,1.6247974763681228,0.4137770149362473,0.2257268245393338,0.15540927881010091,110.0,100.0,100.0,0.0,100.0,,100.0,,46.53743078251032,,339.0,17.0,2.0,2.4516690608542717,-0.3472665973219044,-0.4846632381663353
RLC,0.8074,16.0,3.1226421311158927,1.3721780382663482,1.0385872717904525,0.5818669533100587,111.0,11.0,111.0,101.0,111.0,overbuyed,111.0,,19.633410550421367,,591.0,22.0,1.0,-0.7990146710022447,13.196973398090476,8.842348033903505
RNDR,7.03,13.0,1.2561181304429332,0.21485392947407358,0.8376975566410456,0.7622276025839424,110.0,100.0,11.0,111.0,1.0,,1.0,,52.00849045142118,,1627.0,842.0,2.0,0.2616493413395599,0.12489672048406597,0.16762786310939679
ROSE,0.00737,4.0,1.05026866094826,0.6418059922329684,0.05588224352397469,0.08145393270037503,100.0,10.0,100.0,0.0,10.0,,111.0,,48.27176936161862,,591.0,22.0,2.0,0.43215351005127156,-0.5355990765967199,-0.3363562055731756
RPL,1.724,4.0,0.7084537873130337,0.5470023414678317,-0.011080402892412649,0.09467521913941426,1.0,10.0,100.0,0.0,110.0,,110.0,,56.65406068961804,,353.0,-1.0,0.0,0.13051456281485269,-0.5144937398344379,0.3151708656633419
RSR,0.001513,3.0,0.7491862936083489,0.6330066859878072,-0.02618440947679093,0.031264647750881766,0.0,10.0,100.0,0.0,110.0,,111.0,,54.34688133818697,,367.0,22.0,1.0,-0.10581762243619101,-0.12189720640923399,-0.2154080413562714
RUNE,0.677,6.0,1.9654168817048885,0.8898458552134587,0.4006269433453358,0.028032461403300766,100.0,11.0,110.0,0.0,111.0,,111.0,,38.00941384463251,,94.0,116.0,1.0,0.5819260524985637,-0.7316062170186154,2.7781417079688957
RVN,0.002237,4.0,1.882926200617955,0.13598924437095197,0.12267608609220756,0.2485488361309309,101.0,0.0,0.0,0.0,0.0,,11.0,,44.151733022995714,,367.0,1.0,1.0,-0.4135860669896212,1.9533823062951292,0.3131752584714279
SAND,0.06816,10.0,1.5739714097300623,0.9369729515617294,0.774446515481872,0.38875158394247955,100.0,1.0,110.0,110.0,111.0,,111.0,,36.58246780691312,,122.0,66.0,1.0,3.3100440874668746,8.65126162559151,5.622306149408698
SANTOS,0.493,2.0,0.7863989626096994,0.33628064578539857,-0.0067866257868423,-0.013124048092156063,100.0,0.0,0.0,100.0,10.0,,11.0,,47.21144135230326,,591.0,22.0,1.0,2.9428955004407933,0.05372830266977078,0.11553201609011104
SC,0.000917,4.0,2.1045169099799628,0.7412911630813851,0.09993595309373314,0.09376946375818458,100.0,11.0,100.0,0.0,110.0,,111.0,,43.15587799155194,,451.0,35.0,1.0,-0.055721675143155236,-0.6095146848594997,-0.303038735737354
SCRT,0.0071,2.0,16.91040265199216,0.11600547540631831,0.16195831019695528,0.019316172970561533,110.0,0.0,0.0,0.0,0.0,,0.0,oversold,32.89689305847576,uncharged,-1.0,58.0,2.0,4.918050059181515,-0.6896878112491711,1.6863470346477234
SEI,0.06606,7.0,1.3832015392402301,0.8061345391605282,0.4386596755512994,0.06616701229063807,101.0,11.0,110.0,0.0,111.0,,111.0,,36.1974904533178,,339.0,95.0,0.0,0.442535412581883,-0.6305348001265649,0.172645858509252
SFP,0.2706,3.0,0.6900438910031848,0.617845363258287,-0.028358895416500354,0.0430019693314267,0.0,10.0,100.0,0.0,110.0,,110.0,,50.25985746711216,,591.0,5.0,1.0,0.91060752053088,0.11050565140746121,0.4307024293528514
SHIB,5.23e-06,4.0,0.5589803040134608,0.5729205602122283,-0.019227201565227846,0.09438976145072893,1.0,10.0,100.0,0.0,110.0,,111.0,,61.96696693240678,,591.0,22.0,1.0,0.7360787459755748,-0.06161776760478197,-0.28557339954684335
SKL,0.00476,14.0,0.7697940690253773,0.795333914942275,0.9678392572123303,0.6177430536412631,101.0,11.0,111.0,101.0,111.0,,11.0,,56.01939410841457,,367.0,22.0,2.0,-0.17178921452061416,0.4477845809394398,-0.6056616004103115
SLP,0.000611,4.0,0.6358178197084723,0.6021275336596059,-0.022062969310953494,0.06031847072227997,1.0,10.0,110.0,0.0,110.0,,110.0,,60.53333224866788,,451.0,40.0,0.0,0.32196420949548316,1.393479712266851,0.4478611763447857
SNT,0.0272,17.0,5.062524349760864,0.33973809001796357,1.043385221949236,1.142256749589201,111.0,101.0,11.0,111.0,101.0,,101.0,,38.57513696340462,,591.0,582.0,2.0,3.3783272731618887,1.8972859585622597,1.343266299649374
SNX,0.2316,4.0,0.4812549235503744,0.46877658151713464,0.13841568172728066,0.02019288431147187,100.0,0.0,110.0,0.0,11.0,,11.0,,63.8013006993327,,591.0,121.0,1.0,-0.022195655634145134,-0.4319374413571514,0.28113885492175245
SOL,108.97,4.0,1.3246589204164558,0.7858351865609828,-0.014779258507195506,-0.012667681521522934,0.0,10.0,110.0,0.0,110.0,,110.0,,39.49055904368012,,591.0,18.0,1.0,0.36740656808582745,-0.34099679087214435,-0.18387120645842742
SPELL,9.38e-05,11.0,1.4014401199482034,0.4887325194849443,0.7736216313005996,0.7683937629880205,101.0,1.0,111.0,1.0,11.0,,11.0,,52.2386239050325,,339.0,16.0,3.0,-0.6069857940939075,-0.8005023183464679,3.069139898868766
SSV,2.797,3.0,1.001008125504431,0.6774763895014368,-0.03490619607696379,0.09320518318873085,1.0,10.0,100.0,0.0,110.0,,110.0,,49.01103490113895,,339.0,22.0,1.0,0.6847812102254862,-0.4987579665911851,-0.31268550212173
STEEM,0.05811,6.0,1.3247523054316657,0.7873253812972193,0.19450950238867104,0.1777130278805046,101.0,11.0,100.0,0.0,110.0,,111.0,,34.97057985905712,,808.0,4.0,2.0,-0.5967422743460892,-0.6764293308806718,-0.7562877123872475
STG,0.184,16.0,3.789252161759633,0.5498184046084187,0.9922979747277705,0.8350251652928838,111.0,101.0,11.0,111.0,1.0,,1.0,,65.25374173963819,,591.0,22.0,1.0,0.4908288918469829,-0.45987902575106937,0.10393854327468253
STMX,0.004565,5.0,1.4328156176787723,0.23661810148083917,0.6175913737956722,0.48166187789820747,10.0,0.0,1.0,110.0,100.0,,101.0,,52.28711213297428,,892.0,612.0,2.0,-0.7024848498906267,8.172183638300515,0.8788022040036284
STORJ,0.0298,3.0,4.444527493951353,0.0691882281559222,0.1014560968146925,0.02275546124195537,0.0,0.0,0.0,0.0,0.0,,100.0,oversold,42.51082604889987,,367.0,135.0,1.0,1.2739292158030642,-0.8436718592885947,1.0959558555785107
STPT,0.07042,12.0,3.512284055036417,0.5306605287453583,0.5354352350417122,0.7346335978844998,101.0,101.0,110.0,11.0,101.0,,101.0,,41.41553250830643,,934.0,516.0,2.0,0.22623127929399411,-0.8094457531326672,0.26585646845140154
STRAX,0.01051,5.0,0.9599381223855422,0.5445183805128099,0.001274145693633841,0.12310906774732491,101.0,10.0,100.0,0.0,111.0,,111.0,,61.43104599415179,,892.0,62.0,0.0,0.2987450901680526,-0.4638664349191163,-0.7819253563290852
STX,0.3668,9.0,4.980103887748453,0.9367078457318254,0.6406865196881258,0.14837349842249992,100.0,11.0,110.0,100.0,111.0,,111.0,,33.838612328438956,,514.0,149.0,0.0,3.3456711810664785,0.4267538329392444,0.00611599572806332
SUI,1.04,6.0,1.3722019265546859,0.8204130357259091,0.35411577821344004,-0.008670973336986578,100.0,11.0,110.0,0.0,111.0,,111.0,,45.05385165280502,,353.0,43.0,1.0,0.3677701466908958,-0.3781916405724926,-0.05735983209601509
SUN,0.01685,3.0,0.15279125342273864,0.20874983168610184,-0.0023902568429850675,0.1323485192819338,100.0,0.0,100.0,0.0,0.0,,101.0,,47.591737778152854,,297.0,1.0,1.0,1.054962682092924,-0.39562584115831095,-0.040271719216068376
SUPER,0.2262,10.0,9.123344458546335,1.0534220322057128,0.6946426779638311,0.32355564764291167,101.0,11.0,110.0,1.0,111.0,,111.0,,24.566653261893844,,591.0,95.0,1.0,-0.028981798903997033,0.718026416667355,0.27831700147284216
SUSHI,0.2219,3.0,1.2416937679680187,0.6705788401068,-0.042811387590808776,0.03631918610053178,0.0,10.0,100.0,0.0,110.0,,110.0,,50.17913683400206,,367.0,51.0,1.0,0.3494759016585309,-0.38159364600197404,-0.14768263802952294
SXP,0.0022,0.0,9.51329167266491,0.12583007433868312,0.07131436167430732,-0.11423101361805645,110.0,0.0,0.0,0.0,0.0,oversold,1.0,oversold,25.270844419390727,uncharged,339.0,291.0,3.0,0.6810261334337113,-0.4786374613441,0.20110759442408851
SYN,0.17903,8.0,9.010992003411626,0.5310001873578232,0.32199954583453017,0.14869601504702115,110.0,101.0,100.0,110.0,101.0,,101.0,,38.00476705479487,,738.0,-1.0,0.0,-0.06317681780413288,0.3768024152574708,-0.7248159173621223
SYS,0.00223,4.0,6.7366717391063204,-0.10543284915711938,0.1467467883356036,0.11085731788446512,11.0,0.0,0.0,0.0,0.0,,0.0,,41.96789814689157,,591.0,153.0,3.0,1.2335710413185728,-0.6333620038733526,4.777133677773604
T,0.00496,6.0,1.220174584527113,0.7254885917118957,0.046923787050431154,0.15493413450657298,101.0,11.0,100.0,0.0,111.0,,111.0,,64.18398272952035,,381.0,116.0,1.0,-0.5348271864665043,-0.4374696848034991,-0.7581131702321207
TFUEL,0.00938,4.0,0.7299345779800044,0.609262130410997,-0.03409384871203419,0.115268800379771,1.0,10.0,100.0,0.0,110.0,,111.0,,44.82510211631301,,38.0,18.0,1.0,-0.49845291226968774,-0.31029526527574314,-0.5986058360106328
THETA,0.2053,4.0,1.3286295995806945,0.7524114514007498,-0.01625305077512997,0.04686559020512845,0.0,10.0,110.0,0.0,110.0,,111.0,,46.41794807758526,,668.0,95.0,1.0,0.1794486547795282,-0.03644619382657085,-0.6166431571385771
TIA,0.464,10.0,0.813311922528563,0.8176420302185932,0.47000073127520003,0.37174882895845707,101.0,11.0,110.0,100.0,111.0,,111.0,,57.552034046723904,,-1.0,1.0,2.0,0.42986766019835126,0.04020199771098614,0.12377753097837381
TKO,0.0542,4.0,0.4163731152800243,0.6205501084922659,0.13559226361558602,-0.00014317614950451813,0.0,10.0,110.0,0.0,110.0,,111.0,,47.73876067724773,,164.0,22.0,1.0,0.8593687836144048,-0.2758404273662716,-0.33663206093873826
TLM,0.001371,2.0,3.7303611627369406,0.40635699585709517,-0.005894509107527935,0.0449996169250482,0.0,0.0,100.0,0.0,110.0,,110.0,,38.62538147168265,,591.0,-1.0,1.0,1.131051138606879,-0.2611246699523377,0.2487526115420197
TOMO,1.3819,14.0,0.7096408346666998,0.5523632117781004,0.6450952679501469,1.063402932810745,11.0,110.0,1.0,11.0,100.0,,10.0,,57.97528778994432,,-1.0,1126.0,2.0,1.1837518448777133,-0.009537712757894242,0.06571630410577953
TORN,4.06,5.0,2.5583227620837383,0.17953007800491197,0.33131258936643176,0.7251614093236171,10.0,0.0,1.0,10.0,0.0,,10.0,,57.80996641347199,,-1.0,1456.0,2.0,1.441540856592259,2.091101295435489,-0.4692335091713905
TRB,18.09,4.0,0.8234612891652783,0.7035990426122144,0.0853586871302508,0.06681353038836639,0.0,10.0,110.0,0.0,110.0,,111.0,,54.617634890654415,,591.0,36.0,1.0,-0.506957407952939,0.6793926240554339,1.038602973917612
TROY,6.9e-05,1.0,5.916333333774553,0.17912685023570532,0.08387165679439985,0.08862456900970399,110.0,100.0,0.0,0.0,100.0,,0.0,,31.278907394604786,,591.0,583.0,2.0,0.4956418056318325,9.12433782902957,11.163492815924055
TRU,0.0023,1.0,5.677695594759949,0.06129112604294391,0.13721514485657768,-0.05143270754832785,10.0,0.0,0.0,0.0,10.0,,110.0,oversold,40.83120390671361,,339.0,197.0,1.0,-0.26255412753582,0.6413915055342785,-0.5108509618704761
TRX,0.3337,5.0,0.08937845778877435,0.5028095374861415,0.20904258645156387,0.17288149903370575,10.0,110.0,100.0,0.0,110.0,,100.0,,64.39082128757182,,38.0,118.0,2.0,0.6049798216556637,-0.045835695603359275,-0.2531970976615031
TVK,0.05405,17.0,19.62990463841653,1.003896953533002,0.7913653351346426,1.0035048854756383,101.0,11.0,111.0,11.0,11.0,overbuyed,111.0,,28.97567150590749,,1144.0,1100.0,2.0,0.7059798012197525,-0.23793969716072208,-0.3025262951350763
TWT,0.5019,3.0,1.3542615252896424,0.6672283069966927,-0.05116078690741584,-0.005790142295723017,0.0,10.0,100.0,0.0,110.0,,110.0,,42.153672734500226,,591.0,95.0,1.0,0.5123034112891913,-0.3502809351897196,-0.06919162999143551
UFT,0.0089,0.0,10.907131467500307,0.1099234601512418,0.15271848978462113,0.15854930539087234,111.0,0.0,0.0,0.0,0.0,,101.0,oversold,21.94564415337404,,591.0,568.0,2.0,0.5207610949672832,2.523994914730184,0.7453530290414073
UMA,0.385,7.0,0.37496478858484666,0.5,0.09498743093687449,0.040036286363403416,0.0,10.0,110.0,100.0,111.0,,111.0,,58.0022490171548,,591.0,124.0,1.0,-0.6180194258970658,4.26629232029809,3.6455073233317883
UNFI,1.341,1.0,3.038193202572325,0.04607408112430893,0.18635579832007887,0.0918168040055662,11.0,0.0,0.0,0.0,0.0,,10.0,,27.838360722744245,,934.0,769.0,2.0,-0.2942034785940168,-0.5734978837532109,6.223244533702546
UNI,7.29,4.0,24.229874057206672,0.7652033262862221,-0.0547747529856206,0.06385016222780006,1.0,110.0,100.0,0.0,110.0,,110.0,,35.31348173566321,,122.0,116.0,2.0,0.6171767150282241,-0.4011632476544777,-0.43176856206466724
USDP,0.9997,14.0,0.0046110459868918706,0.45760829497252997,0.7108530265996553,0.8348352483615022,11.0,1.0,11.0,11.0,1.0,,110.0,,31.034847832136794,uncharged,17.0,15.0,2.0,5.901817690384485,-0.6956112896454727,1.1967780053872952
USTC,0.00525,3.0,0.4281251184743869,0.3327716543057949,-0.02376034622454112,0.13214129582223783,101.0,0.0,100.0,0.0,110.0,,100.0,,60.66824107216343,,339.0,116.0,1.0,0.6947150056000685,-0.19057587046817664,-0.3231260696142133
UTK,0.00795,10.0,1.9488895227679164,0.2667329547568944,1.0280384565444076,0.5332861385450457,110.0,0.0,11.0,110.0,11.0,,11.0,,34.153402015288734,uncharged,-1.0,184.0,2.0,-0.08656318952420784,0.31595649460636704,0.5792983427655665
VET,0.007386,4.0,2.168204856698308,0.7175263897327757,-0.0561271151204389,-0.0033727285578705156,0.0,10.0,100.0,0.0,110.0,,110.0,,37.40544381700552,,934.0,40.0,3.0,0.4576365443040224,-0.32573733245389824,-0.40096217305562015
VGX,0.018,6.0,4.292326827033668,-0.17711506185261547,0.27733715314920165,0.6055353140121795,11.0,0.0,0.0,1.0,0.0,,0.0,,37.96258594289659,,962.0,894.0,2.0,1.7025065516988462,-0.2694708954631146,3.425092762882111
VIB,0.00223,2.0,107.9347921480656,0.030063853015616752,-0.570891438464272,-0.4481703634575558,100.0,0.0,0.0,0.0,0.0,,0.0,oversold,30.83463106684278,,591.0,534.0,2.0,-0.5502335050760594,4.139568399952314,8.378250793628427
VIDT,0.00115,1.0,22.072231881978187,0.06823138515951341,0.04630362664552643,0.13884153178645492,1.0,0.0,100.0,0.0,0.0,,0.0,oversold,50.52959671765387,,892.0,612.0,1.0,0.4206234418077259,6.075220465286905,0.31701514345508525
VITE,0.00086,0.0,7.126642957346712,-0.639875524509375,0.03369160184338593,-0.13277417624433036,0.0,0.0,0.0,0.0,0.0,oversold,0.0,oversold,35.699718070722156,uncharged,-1.0,612.0,1.0,-0.2642799289493265,22.664741894187298,5.338233008468813
VOXEL,0.014,2.0,4.498560857915547,0.012190312774594312,0.022016734856408128,0.11215343943389511,1.0,0.0,0.0,0.0,0.0,oversold,0.0,oversold,39.117762764041665,,591.0,359.0,0.0,0.1123189249496498,-0.3527826597567752,5.001210731853094
VTHO,0.000646,6.0,3.4621938351157255,0.7960267185879536,0.15600271943332789,0.15673471518648668,10.0,11.0,100.0,100.0,111.0,,110.0,,30.298331880781777,,122.0,143.0,0.0,-0.7671959730933787,-0.7043844954848607,3.0658928405718795
WAN,0.0543,0.0,0.4556525443938488,0.010799409388559467,0.2709537224437371,-0.008457854993467046,10.0,0.0,0.0,0.0,0.0,,0.0,,43.54922830360919,,591.0,184.0,3.0,3.345327410962905,-0.7188007667735542,-0.14576944014477872
WAVES,1.076,6.0,3.275695051800849,0.03576111129736355,0.24873202249377055,0.2767134911910939,11.0,100.0,0.0,1.0,100.0,,0.0,,37.86019142994599,,934.0,867.0,2.0,-0.10305792352716775,-0.7282483022395413,3.294868936215694
WAXP,0.00561,7.0,1.1249054390394295,0.7719482207647765,0.2788865688402329,0.08736831518712733,101.0,11.0,110.0,0.0,111.0,,111.0,,44.502646906531375,,367.0,7.0,0.0,0.3238525535696031,-0.5975889624392429,-0.1452724724110914
WBETH,2698.1,3.0,1.138252958958251,0.7172686911252859,-0.04012324496725555,-0.006020428572399103,0.0,10.0,100.0,0.0,110.0,,110.0,,38.4144597366126,,122.0,12.0,1.0,2.4785640153847344,-0.14971404820652082,-0.396945445801891
WBTC,81316.77,4.0,0.6322930658157444,0.7955669506765914,0.04212138031030862,0.022880900987223538,0.0,10.0,110.0,0.0,110.0,,110.0,,40.359347335311014,,367.0,16.0,1.0,0.4203496894397448,0.0295455421997734,-0.3202320848037495
WIN,5.594e-05,15.0,5.234608391380904,1.0592507940980744,0.9555514642649384,0.7316428561973672,110.0,111.0,111.0,110.0,111.0,,111.0,,24.613333918397192,,283.0,22.0,2.0,0.650956122564176,0.3187176618352832,1.0407544407302547
WING,0.326,1.0,65.68752251138297,0.03328554677464126,-0.2552130636531538,-0.3079511557448723,100.0,0.0,0.0,0.0,0.0,,0.0,oversold,43.36993287013899,,591.0,569.0,1.0,-0.5928571753514623,0.926576458480789,2.6738615207250973
WLD,0.4799,6.0,1.2671739019921089,0.6551744302350498,0.3963479840829868,0.007813484901043818,100.0,11.0,110.0,0.0,111.0,,111.0,,54.52507264964848,,591.0,-1.0,1.0,0.8720966608077061,-0.26414783436801403,0.6382189033743556
WNXM,73.26,7.0,0.5538984641273892,0.5952419085686664,0.15563899018699906,0.2069769533404192,10.0,110.0,100.0,10.0,100.0,,0.0,,64.14707702410122,,892.0,949.0,2.0,-0.14956740898653662,-0.25012478013067957,-0.3544450107068598
WOO,0.01206,5.0,0.5890726677170767,0.4316859410018399,0.1790548248131792,0.060652621595414624,101.0,0.0,110.0,0.0,111.0,,11.0,,58.260147218723056,,339.0,-1.0,1.0,-0.4048132638789296,-0.1631981351051606,0.5849070400534323
WRX,0.0173,3.0,5.390563526148056,-0.5271919643430169,0.08213750704496788,0.00400927330761851,10.0,10.0,100.0,0.0,10.0,,110.0,oversold,32.90334002493104,uncharged,1578.0,662.0,3.0,0.690902951982345,4.25342291707024,12.017754320827873
WTC,0.0103,2.0,2.2696070669135495,-0.8489802445425495,0.09286734309551983,-0.44019836899088777,10.0,0.0,0.0,0.0,10.0,oversold,0.0,oversold,37.22563502571881,uncharged,-1.0,1055.0,1.0,2.8688515663000356,5.492927513173467,35.816472042761106
XEC,7.15e-06,4.0,0.9433288919657566,0.5799240359307042,-0.01980976724951212,0.05164634402077985,0.0,10.0,100.0,0.0,110.0,,110.0,,52.80852824930202,,339.0,116.0,2.0,0.32593612190570287,-0.37804542530349056,-0.4963136895755734
XEM,0.01596,3.0,2.3971178397954054,-0.08525918321231155,0.21574871345258467,0.12264112556635395,11.0,100.0,0.0,0.0,100.0,oversold,0.0,,40.20799868176886,,892.0,911.0,3.0,2.0137409609484997,-0.8036049673409738,3.543453465603672
XLM,0.1907,4.0,0.6190589273055924,0.46618457130706625,-0.008394397994944444,0.024513566295946528,100.0,10.0,100.0,0.0,110.0,,100.0,,56.61832407006768,,367.0,-1.0,2.0,0.9688993721467871,-0.5869336891151556,-0.07912119687703756
XMR,118.7,7.0,0.5666299099079899,-0.03503430157709859,0.31994255841769265,0.4092944291159769,10.0,100.0,0.0,1.0,100.0,,100.0,,46.63171809147078,,1788.0,964.0,1.0,0.963182480825388,-0.7043723069784983,0.8240137201487477
XNO,0.33,1.0,0.45733820061362884,0.20165500390942737,-0.017576619693950583,-0.00044619948856113235,0.0,0.0,0.0,0.0,10.0,,10.0,,52.369005202320665,,591.0,64.0,1.0,1.0820243469742818,-0.5609132223837439,-0.7218415877971799
XRP,1.3592,3.0,0.7701538653051645,0.6571664790770388,-0.018706214717830412,-0.0002655109049321545,0.0,10.0,100.0,0.0,110.0,,110.0,,47.69469113544861,,122.0,72.0,2.0,1.1183366310694518,-0.4750695669685562,-0.2963346616593706
XTZ,0.2877,3.0,1.1787753745003724,0.6796177943368539,-0.023617332403396793,0.012065543937391227,100.0,10.0,100.0,0.0,10.0,,111.0,,42.790259214631654,,367.0,21.0,2.0,1.3188752190375372,-0.28445718984203616,-0.7347672895213854
XVG,0.002737,3.0,1.0055210019505925,0.5965188720400256,-0.024711968982579435,-0.0015908884594842139,0.0,10.0,100.0,0.0,10.0,,111.0,,52.50052172626927,,661.0,16.0,2.0,0.09104437056820472,-0.7456579170634469,0.35685900765105155
XVS,3.062,5.0,0.562747457662092,0.6296366468357351,0.004002062535549657,0.16270183075747724,1.0,10.0,100.0,0.0,110.0,,110.0,,50.163703200811405,,668.0,63.0,1.0,1.6884621013307137,-0.00682343717819624,1.0115373965219212
YFI,2276.0,6.0,0.5690954624850858,0.6578480829685689,0.2098196277457416,0.012934863233020623,0.0,10.0,110.0,0.0,110.0,,111.0,,59.4110393396501,,591.0,22.0,0.0,-0.3968739187812542,0.6004843588587174,1.0461326143792746
YGG,0.02485,7.0,1.046667598436844,0.5594582443979265,0.07227475040589593,0.15550696357831892,101.0,10.0,110.0,0.0,11.0,,111.0,,54.22561066392177,,-1.0,95.0,1.0,-0.4420393469114501,2.3875203822451248,0.8310793096263357
ZEC,1146.12,5.0,380.34561367404115,0.737742020174232,-0.030463132928953973,-0.017166392801641076,10.0,110.0,100.0,0.0,110.0,,110.0,,34.38145883076594,,73.0,61.0,2.0,0.007643108590159716,-0.3542386297402119,-0.47291626158894967
ZEN,6.076,3.0,1.9971198485149102,0.6402189464582534,-0.02531106925380101,-0.007513312793041664,0.0,10.0,100.0,0.0,10.0,,10.0,,48.08997911015089,,73.0,-1.0,2.0,0.3420093341096056,-0.48095588524362004,-0.25514667838351884
ZIL,0.003238,5.0,0.8338122285550711,0.6319952551490742,-0.010541347638112797,0.0733113395597171,100.0,11.0,100.0,0.0,111.0,,111.0,,48.415282199622936,,591.0,-1.0,0.0,-0.24467826475521184,0.3368171074393094,-0.7842487871267829
ZRX,0.1138,6.0,0.9780515840547069,0.7782016701843176,0.031089095496991907,0.06627812931874379,101.0,11.0,110.0,0.0,110.0,,111.0,,42.564626719278,,367.0,51.0,1.0,0.07899855326230037,0.2292868222473542,-0.4367229727213005