tickers,cours,total_tests,ecart_BB_w,position_prix_BB_w,position_prix_BB_d,position_prix_BB_h4,ZL_MACD_hist,Tests_MM_w,Tests_MM_d,Tests_MM_h4,Tests_RSI,combo_rsi,Tests_CCI,combo_cci,CHOP_w,combo_chop,Hammer_1w,Hammer_1d,Tests_VOL,VOL_var_1d,VOL_var_7d,VOL_var_14d
1INCH,0.2672,9.0,2.6173118479875757,0.3061720838493591,0.6446658714467556,0.5885888569371742,1.0,0.0,11.0,10.0,100.0,,100.0,,43.51082739764397,,356.0,20.0,1.0,-0.5378279075340063,-0.12449401576804939,-0.462780073603011
AAVE,246.37,7.0,2.907864657609791,0.5126425629132265,0.3759119593169957,0.3496432207153457,1.0,110.0,10.0,0.0,100.0,,100.0,,57.90796692734738,,867.0,19.0,1.0,-0.48694740555420213,-0.09244365926806779,-0.48099304381165675
ACA,0.0548,7.0,2.3769629191259516,0.2155828450255759,0.3437862750527515,0.5622540877799124,10.0,0.0,1.0,10.0,100.0,,100.0,,59.03937899585859,,-1.0,20.0,1.0,-0.389890372333345,-0.2168302978865066,-0.5320682573251856
ACH,0.03257,7.0,1.686018935746937,0.7856300574188151,0.5914913124625316,0.18604867686635945,111.0,11.0,110.0,100.0,101.0,,101.0,,52.179049702866756,,1014.0,49.0,0.0,-0.44545399270314373,2.245540715176612,-0.591710931842688
ACM,1.132,5.0,1.0466768338321923,0.14522003294323624,0.5035578302468123,0.257926230134781,1.0,0.0,10.0,0.0,1.0,,101.0,,45.72798839864052,,216.0,20.0,0.0,0.32971735053944723,0.0025291412821065724,4.149202072456904
ADA,0.7702,8.0,4.36714803664368,0.47885461686654157,0.5856821663890751,0.33866597094310597,1.0,110.0,10.0,100.0,100.0,,100.0,,55.80656476625879,,76.0,20.0,0.0,-0.6022879982659307,-0.31872371719150083,-0.3747974594459622
ADX,0.1393,4.0,1.319715969302243,0.17627537308428395,0.26588789536453616,0.27000240693385935,0.0,0.0,0.0,0.0,100.0,,100.0,,44.226353785704866,,202.0,19.0,0.0,-0.6780562428068666,-0.5329579425792184,-0.21045995652199515
AERGO,0.0959,13.0,1.3712327149799304,0.29351419789885397,0.9952319092095099,0.8274573461459258,1.0,100.0,11.0,111.0,100.0,,100.0,,44.32844146262279,,146.0,20.0,1.0,0.8645744692257681,0.12094040987713785,-0.2319036109015839
AGIX,0.6141,10.0,1.6602121261456222,0.14227246395304932,0.43357662346608117,0.6273659640546069,1.0,100.0,10.0,1.0,100.0,,100.0,,50.90152702247698,,398.0,319.0,2.0,0.8227596213726825,-0.4628719844347217,0.9185900241795882
AGLD,1.449,10.0,2.789259200633616,0.462724342570815,0.9510336211708706,0.6373264000510029,0.0,101.0,11.0,110.0,101.0,,100.0,,50.80322652201879,,146.0,20.0,0.0,-0.34117579622893257,2.122481546765926,-0.0599838627182246
AKRO,0.000981,1.0,1.9976332850383438,-0.5228347241507031,0.10720718770832524,-0.006456110437408323,10.0,0.0,0.0,0.0,10.0,,10.0,oversold,29.649318217267744,,342.0,87.0,0.0,-0.10711867014037121,3.294880934510571,1.913881503421844
ALCX,12.75,9.0,2.1807972644579654,0.22875025691724205,0.6918361599132844,0.6380769865697821,0.0,0.0,11.0,110.0,100.0,,100.0,,43.77914524473599,,76.0,20.0,1.0,-0.17218541052774441,-0.58134131147803,0.5616235637867889
ALGO,0.2608,3.0,9.904279485105153,0.4399641215324339,0.2024814116692409,0.21660042661778775,0.0,110.0,0.0,0.0,100.0,,100.0,,54.220574954017046,,468.0,20.0,1.0,-0.44238772609748345,-0.34346421229558444,-0.4638263188631587
ALICE,0.733,8.0,2.2988033815475086,0.1703394253078425,0.5611441431562575,0.5281635987258044,0.0,0.0,11.0,110.0,100.0,,100.0,,44.932051947456195,,20.0,20.0,1.0,-0.19743459861305174,-0.08533049075402735,-0.34716363832192143
ALPACA,0.1365,8.0,1.8061536253395742,0.3162466969136021,0.5699514540422471,0.526180304810971,100.0,1.0,10.0,10.0,101.0,,101.0,,41.38357263139341,,328.0,20.0,0.0,-0.03713835799200192,-0.7750931288644556,1.5464900996750517
ALPHA,0.0503,9.0,2.910340196869307,0.2144696326055448,0.6374401913118132,0.7299184325269493,0.0,0.0,1.0,111.0,100.0,,100.0,,44.56895426983659,,342.0,20.0,0.0,-0.4720260963031671,-0.3068719512798211,0.05573400317929066
ALPINE,1.103,9.0,0.9181351732089679,0.2033878081167054,0.7196090115550182,0.6598083449102831,0.0,0.0,11.0,10.0,101.0,,101.0,,42.373931427492536,,-1.0,20.0,0.0,-0.45393273216963076,-0.3329472443105613,-0.14369297542501355
AMB,0.00056,0.0,7.433292479171498,-0.5859204997610904,0.03515265991904651,0.26070535856646276,1.0,0.0,0.0,0.0,0.0,,0.0,,37.39845611353423,uncharged,-1.0,20.0,1.0,-0.38410011772921543,12.457500345155552,7.0727812009934645
AMP,0.005257,6.0,4.222760279991884,0.37495199208410285,0.17884061797513243,0.36892877866764817,10.0,110.0,0.0,10.0,100.0,,100.0,,49.926333490777175,,-1.0,-1.0,0.0,-0.49864717042207657,-0.5643261532591658,-0.5584743254676637
ANKR,0.02323,7.0,2.334607928436164,0.24126048959678964,0.621347844620294,0.28628184685522073,0.0,0.0,11.0,110.0,0.0,,100.0,,39.80825195561631,,503.0,20.0,0.0,-0.4167528734005371,-0.013868342789282817,-0.393040574379594
ANT,7.407,16.0,0.684460945995287,1.0330322082396934,0.8836147799559521,0.8344433383765706,100.0,111.0,111.0,111.0,111.0,overbuyed,111.0,,53.17904182303899,,783.0,372.0,1.0,3.6504964978713432,-0.6859501242950292,1.1550043391852665
APE,0.713,8.0,2.77646898083572,0.1893225768659322,0.6036328580262932,0.5545759549274538,0.0,100.0,1.0,110.0,100.0,,100.0,,41.55916166649683,,860.0,20.0,1.0,-0.2818087880256737,-0.21737695002702015,-0.48961276042853347
API3,0.846,4.0,3.0501201028813476,0.12098003750645507,0.3172376180242501,0.23038031888580873,0.0,0.0,10.0,0.0,0.0,,101.0,,42.30387302210791,,461.0,20.0,0.0,-0.5299773104824768,2.875166043739363,1.0868048043486962
APT,6.13,11.0,2.278482244668983,0.16330827257234087,0.6689937509661561,0.43429836651129644,1.0,100.0,11.0,101.0,100.0,,100.0,,43.428516378298355,,76.0,20.0,1.0,-0.5730209970901545,0.03657503324008008,-0.1800756590460593
AR,9.26,4.0,2.653981080564454,0.10946577880286756,0.45217356855751883,0.17073511102910546,10.0,0.0,1.0,100.0,0.0,,0.0,,44.82975926975626,,1021.0,20.0,1.0,-0.6177784324935603,0.09466046812483313,-0.16530956873495836
ARB,0.478,8.0,2.6786267270062876,0.23305686724477057,0.616079598701981,0.4565391938886727,1.0,0.0,11.0,100.0,100.0,,100.0,,44.1602997162948,,300.0,20.0,1.0,-0.5753716935284574,0.05132045351448673,-0.5292544372152685
ARDR,0.07307,11.0,1.108495186921604,0.23357658826111238,0.8202077919583853,0.6079987869760741,1.0,100.0,11.0,110.0,100.0,,100.0,,50.59450268876492,,237.0,20.0,0.0,0.2524713401712253,0.24627880284180517,-0.15703773051558037
ARK,0.4785,13.0,1.1640457148864711,0.3584025868347264,0.8509171964683601,0.6317415142198656,1.0,1.0,11.0,111.0,101.0,,101.0,,56.47539256890702,,300.0,20.0,0.0,0.13969318757318538,16.666324626669155,6.067719290959764
ARKM,0.693,7.0,4.44866513570673,0.09880773618189605,0.5489192799305029,0.7232473623474492,10.0,0.0,1.0,10.0,0.0,,100.0,,40.204412689398566,,342.0,20.0,1.0,-0.6005130845532517,-0.14907796672348536,0.05131127271837361
ARPA,0.037,8.0,1.4042239943479662,0.2004648529751293,0.5895214441700113,0.5531948826821225,10.0,0.0,1.0,110.0,100.0,,100.0,,53.48119503715551,,1014.0,20.0,2.0,0.37858536486817107,-0.7313375310973461,-0.6809072320539657
ASR,1.456,8.0,0.9153969637897988,0.10889459493539472,0.39061031710797417,0.47027551651779737,0.0,0.0,1.0,10.0,0.0,,1.0,,43.751964785428065,,-1.0,20.0,0.0,-0.3211064639681836,-0.34744640448338354,-0.3047004246019684
ASTR,0.0434,7.0,1.639643213425393,0.20118378984750554,0.9303993767262579,0.5404685277233849,10.0,0.0,11.0,110.0,100.0,,101.0,,42.68159846832123,,356.0,20.0,1.0,-0.731981396812967,0.08427472753745696,-0.4425978457454247
ATA,0.069,7.0,3.6586294855210695,0.22659017189158107,0.322601613865374,0.6349165057185542,0.0,0.0,1.0,10.0,0.0,,100.0,,45.915664935708996,,-1.0,27.0,0.0,-0.38622844711256393,-0.028689800278863697,-0.25771571507792634
ATM,1.526,9.0,0.8377583555610271,0.13390753293934296,0.5939158318896458,0.4331544835927336,0.0,0.0,11.0,10.0,0.0,,100.0,,41.606722583082934,,-1.0,20.0,0.0,-0.34429111514179983,-0.04618222466735936,0.8341580404673415
ATOM,4.91,8.0,2.688675464597294,0.3269811193169982,0.7219074548690182,0.5973531090001238,10.0,0.0,11.0,110.0,100.0,,100.0,,47.86851152576662,,454.0,20.0,1.0,-0.2699203624682294,-0.2580386607869512,-0.38158205290935926
AUCTION,13.51,14.0,1.6941365975206713,0.4108217581952036,0.9412797309887412,1.0158605007072365,1.0,1.0,11.0,111.0,101.0,,101.0,,49.28022785458108,,76.0,20.0,0.0,0.3141678218767111,-0.46592209620150143,3.111890395120227
AUDIO,0.0979,6.0,1.8485147724425055,0.17713975331522008,0.2603106245217211,0.4149886493369781,1.0,0.0,0.0,0.0,100.0,,100.0,,46.893393092372094,,300.0,20.0,0.0,-0.4584171517788813,0.47814155331587516,-0.4413281578564902
AVA,0.6735,9.0,47.356336059586106,0.4037270027012934,0.6350140924759555,0.5256548360395836,0.0,100.0,11.0,110.0,100.0,,100.0,,33.29825736346123,,300.0,20.0,2.0,1.3160588033911778,-0.654189255257715,-0.430379272575822
AVAX,24.93,8.0,1.9867004681460119,0.22446643203345779,0.4653091154627018,0.4529858324919334,10.0,100.0,1.0,110.0,100.0,,100.0,,50.35727545984344,,636.0,20.0,1.0,-0.4153195996257144,-0.003923253813410077,-0.4622061910702575
AXS,4.168,2.0,2.0890352374850085,0.22007800460327137,0.39656043719763634,0.2527032055429853,1.0,0.0,10.0,0.0,100.0,,100.0,,45.65277333460911,,342.0,20.0,1.0,-0.5008773726285515,0.1629912225916962,-0.2814890175905242
BADGER,3.713,12.0,0.791808612805033,0.5559871548463698,0.8309662459150805,0.3640900544109763,1.0,11.0,11.0,101.0,101.0,,100.0,,66.59416644394571,,-1.0,15.0,1.0,0.21868019127289237,0.16333978778648905,-0.38373482369916195
BAKE,0.2098,12.0,2.123288697250575,0.3352448301220356,0.607857974177635,0.6124550624096932,101.0,1.0,11.0,11.0,1.0,,101.0,,47.739402551847924,,244.0,20.0,1.0,-0.20674091813205026,-0.65832314943103,4.6718697328020315
BAL,2.038,12.0,1.5667085235628562,0.32832131991074803,0.9129753396215401,0.845176512327797,11.0,0.0,11.0,111.0,100.0,,100.0,,51.142545798657814,,608.0,20.0,1.0,-0.13922845295518313,0.028111636801807643,-0.328428237386515
BAND,1.086,8.0,2.090020923029191,0.3212316483002489,0.9426627285287288,0.5827196798041375,10.0,0.0,11.0,110.0,101.0,,100.0,,46.5996843848988,,608.0,20.0,1.0,-0.6783109506454631,0.45260614184058356,-0.10723716484681288
BAR,1.765,10.0,0.8017808949963684,0.2716170848621489,0.7620285268378527,0.6219074756246679,0.0,0.0,11.0,10.0,101.0,,100.0,,46.43632263883622,,97.0,20.0,1.0,0.8407916418030128,2.765367009582754,2.381694844731907
BAT,0.183,9.0,1.8109370346897924,0.31897145353840195,0.5915107281635015,0.4549697345062539,0.0,100.0,1.0,110.0,100.0,,100.0,,51.85485763380324,,342.0,20.0,0.0,-0.4521409812361205,-0.10572419513530543,-0.46743048755040634
BCH,327.3,11.0,1.2792844093735345,0.21133857202142142,0.5536011874437663,0.7578879010022991,11.0,100.0,1.0,11.0,0.0,,100.0,,46.51899461361199,,-1.0,20.0,0.0,-0.3500875139555688,-0.1622769226859744,-0.5796802147302793
BEL,0.9132,14.0,1.7462022243723963,0.8932912567150498,0.6007962086097814,0.6901087684792452,110.0,11.0,101.0,11.0,111.0,,101.0,,55.189708433556746,,300.0,107.0,1.0,-0.4226260851713566,-0.687370366294785,-0.7285164249873537
BETA,0.02608,6.0,1.613099535672834,0.06291060643948666,0.3184756457341148,0.6122538105633172,10.0,0.0,1.0,10.0,0.0,,0.0,,50.040357592181145,,-1.0,20.0,0.0,-0.039295851106026576,-0.34733923832050606,-0.6417194944974872
BICO,0.1757,8.0,2.743007112449196,0.20786074453415623,0.5587123464050934,0.4106644974719719,0.0,0.0,11.0,110.0,0.0,,100.0,,45.47287977696508,,20.0,20.0,0.0,-0.36021895509550256,-0.1440146261043614,-0.4228472117321319
BIFI,251.1,9.0,0.8914297907874281,0.19968142613925724,0.6954462010546525,0.5550469526483544,0.0,0.0,11.0,110.0,100.0,,100.0,,39.688440849000536,,20.0,20.0,0.0,-0.4436901511650336,-0.42075744617209115,0.33272275900040726
BLZ,0.0582,9.0,1.9476832884121762,-0.08733150319540516,0.1719608703314874,0.2935495179923148,11.0,10.0,0.0,1.0,10.0,,10.0,,50.33124919636203,,-1.0,-1.0,2.0,0.5326425258607406,17.828404502688613,5.338192582603081
BNB,656.5,9.0,0.34869218214381376,0.5439102735295884,0.6359780117126372,0.5078596332376091,0.0,111.0,11.0,10.0,0.0,,100.0,,56.36251440092618,,76.0,20.0,1.0,-0.06114815796334864,-0.6014417785249513,0.32655518306882547
BNT,0.5229,9.0,1.3507135249150057,0.2933561914014867,0.46778383593155637,0.5198524958010917,11.0,0.0,1.0,110.0,100.0,,100.0,,54.61638033062582,,76.0,11.0,2.0,-0.3018670936829341,-0.3249021983835517,-0.10997781729366585
BNX,1.1083,9.0,6.726682187787589,1.1289355255183013,0.7432645363159549,0.4603839546361896,100.0,1.0,111.0,110.0,11.0,,11.0,,34.79924672483163,,321.0,20.0,1.0,-0.5756558500700808,-0.809216583215549,1.4733004957479483
BOND,2.152,14.0,2.537785586887662,0.24538649367029564,0.7550030067928433,1.1126342343602795,111.0,1.0,1.0,11.0,1.0,,1.0,,48.613126402324426,,342.0,298.0,2.0,-0.14244529620053847,-0.6458066531586918,2.762707319689129
BSW,0.0438,5.0,2.006896410058963,0.17698818870291455,0.44173731924299636,0.5430841525300976,0.0,0.0,0.0,10.0,100.0,,100.0,,52.30722868881948,,-1.0,20.0,1.0,1.3417874336858204,-0.5905128779946475,2.548929684807441
BTC,95827.83,4.0,0.7810878964243751,0.6081789276469066,0.2804700100960278,0.23354565956877213,11.0,110.0,0.0,100.0,100.0,,100.0,,74.47246645751575,,244.0,65.0,1.0,-0.6505913747275001,-0.056313261154527734,-0.3698844620982021
BTS,0.0054,6.0,0.8395660509314844,-0.1832069101885677,0.1963199995181735,0.07181933680013114,10.0,10.0,0.0,0.0,110.0,,100.0,oversold,47.24171437507128,,1014.0,482.0,1.0,2.791813066549543,1.1381762951641452,18.723254689745904
BTTC,8.3e-07,2.0,1.3122137803454277,0.2123652257293609,-0.0020485344212144356,-3.8646296860053e-05,0.0,100.0,0.0,0.0,100.0,,100.0,,41.628966386579926,,300.0,20.0,1.0,0.163985935419274,-0.15156782547177539,-0.5117471375158444
BURGER,0.3254,5.0,1.8057906713921668,0.24564581723233908,0.45213063360270556,0.26676958456555877,100.0,0.0,10.0,0.0,1.0,,101.0,,49.44659456343362,,-1.0,19.0,0.0,-0.4386496295949748,-0.3157303636090975,5.4711106448463385
C98,0.0972,6.0,3.186439821738715,0.2213689434495207,0.5146363155676091,0.3420306868697535,0.0,0.0,10.0,10.0,100.0,,100.0,,42.54165550432075,,20.0,20.0,0.0,-0.2381087179378487,-0.4811457046076892,-0.16067877916105003
CAKE,2.507,10.0,2.347586118172539,0.560314449188612,0.6492419157736136,0.6166310681197608,101.0,1.0,10.0,11.0,101.0,,101.0,,49.66814967700028,,300.0,20.0,1.0,0.03192849727024235,-0.28442080043803797,3.383247750860684
CELO,0.4314,6.0,1.9868433712736528,0.1509569035270344,0.5065319056991161,0.3035854613293056,0.0,0.0,10.0,10.0,100.0,,100.0,,38.87185570619297,,20.0,20.0,1.0,-0.607845983828961,0.03961173420520486,-0.37702886739749736
CELR,0.01404,13.0,3.03439959313658,0.37142153678954315,1.0065960199055732,0.8746339505392414,10.0,1.0,11.0,111.0,101.0,,100.0,,50.061390945471814,,636.0,20.0,1.0,-0.14150417320212078,-0.14669425920108897,-0.4466628282571728
CFX,0.1222,11.0,1.5520146643037378,0.2259599848437698,0.8823919201617441,0.7816816629027318,10.0,0.0,11.0,111.0,0.0,,100.0,,48.20806751674296,,657.0,20.0,0.0,-0.7537870873618243,0.0490204511343735,-0.44102085822066134
CHESS,0.1206,8.0,1.9234800093679358,0.21178038259207096,0.6823050555369048,0.7027848437963471,0.0,0.0,11.0,10.0,100.0,,100.0,,46.90452550567189,,216.0,20.0,0.0,-0.48841616827736384,-0.7245142724563065,-0.0036730257497469385
CHR,0.1377,8.0,3.1096235831070618,0.23402473975731752,0.7253162697840393,0.48565020979239903,0.0,0.0,11.0,110.0,0.0,,100.0,,42.4612234688912,,76.0,20.0,0.0,-0.550691938840969,-0.09340237475486439,-0.3071920723343085
CHZ,0.0519,4.0,2.1781962908309582,0.1815649063727101,0.14745251698553702,0.3972782477613167,0.0,0.0,0.0,0.0,100.0,,100.0,,44.851906962466565,,608.0,20.0,1.0,-0.6391114232150986,0.7617952568534029,-0.0505639348715223
CITY,1.291,9.0,1.1478517777614203,0.07719527346139293,0.592048806484967,0.659703343947212,0.0,0.0,11.0,10.0,0.0,,1.0,,36.90080056981554,,-1.0,20.0,0.0,0.2211363554957,1.1867134675809008,1.6947267180326828
CKB,0.006708,8.0,2.7566981858490958,0.12845723884254592,0.8960892703429587,0.59609373284979,0.0,0.0,11.0,110.0,0.0,,1.0,,39.366191046138404,,-1.0,20.0,0.0,-0.7112153994345268,1.0551066608197257,-0.184795325464026
CLV,0.032,1.0,6.558626779926784,0.22177584922691868,0.07113965208037452,0.084759522073204,0.0,0.0,0.0,0.0,100.0,,100.0,,47.02573803106967,,-1.0,-1.0,0.0,0.22603369726296776,1.546391013986229,-0.3061054565755726
COMBO,0.3066,9.0,1.9892547873826507,0.22797398646916095,0.676928611736689,0.5600595567018545,0.0,0.0,11.0,110.0,101.0,,101.0,,43.91877885948083,,342.0,20.0,0.0,-0.3918058194725904,-0.7976604072235953,1.0725750346971294
COMP,55.71,8.0,3.369775256370379,0.3730358567285449,0.6717137146051163,0.6786711872428566,0.0,100.0,11.0,10.0,100.0,,100.0,,45.115326713933605,,1014.0,20.0,1.0,-0.5462256627947651,-0.4288321575343974,-0.46331474719830545
COS,0.00497,8.0,4.357685483123444,0.23932540363648674,0.613267153299747,0.4215058408839824,0.0,0.0,11.0,110.0,0.0,,0.0,,38.75302797577149,,-1.0,19.0,0.0,-0.552161258330156,-0.6509874746927576,-0.1273871963314321
COTI,0.08124,5.0,2.39470652162081,0.24725678509404078,0.5969595799452843,0.35525235804008476,0.0,0.0,10.0,10.0,0.0,,100.0,,51.280975036312945,,76.0,65.0,0.0,-0.334983997364754,-0.49830359473945185,0.12079864029252183
CREAM,7.12,8.0,3.609661625804482,0.12491877452531867,0.538315905692689,0.6045668194700599,10.0,0.0,1.0,110.0,0.0,,1.0,,36.43381790222749,,-1.0,20.0,0.0,-0.06145978727245771,-0.1557512250104322,-0.4632378043272715
CRV,0.5098,11.0,62.03278762145843,0.41034159745759674,0.481243304446526,0.44526332939030916,1.0,110.0,1.0,101.0,100.0,,100.0,,52.75766712506529,,300.0,27.0,0.0,-0.6364435432508201,-0.2625891498956639,-0.3937119435088666
CTK,0.4854,7.0,1.8946973148647592,0.19167742425802417,0.5507971110546108,0.5473278512929648,0.0,0.0,1.0,110.0,100.0,,100.0,,49.6792830973467,,202.0,20.0,0.0,-0.1690587337655255,-0.4360401625770544,-0.2562202056766173
CTSI,0.105,3.0,1.9622585961951085,0.20163804603421545,0.38719166184588255,0.37061070888547154,1.0,0.0,0.0,0.0,100.0,,100.0,,45.784825970548454,,20.0,20.0,1.0,-0.492230171826806,0.3893609787484628,-0.19156369375445464
CTXC,0.1827,9.0,37.760142731763295,0.3193800946131685,0.6298508215169722,0.6737503664361529,0.0,100.0,11.0,10.0,100.0,,100.0,,33.97203336313431,,83.0,131.0,1.0,-0.10174414957577964,-0.1524392691685041,-0.5332521552137811
CVC,0.135,16.0,1.1920208589890786,0.4412185197643283,1.0407363250038673,1.0200119749373708,1.0,101.0,11.0,11.0,101.0,,101.0,,52.188559438608486,,-1.0,10.0,2.0,-0.4952102292080269,3.19650103250795,1.0965650104344955
CVP,0.0339,0.0,7.405470428628155,-0.4755572684005881,0.14244773118348214,-0.3371848633838268,10.0,0.0,0.0,0.0,0.0,oversold,0.0,oversold,37.666953020299,uncharged,328.0,271.0,3.0,1.1607731765502038,0.11902024020731475,0.6849255081094251
CVX,2.771,12.0,25.891183660541028,0.40874413244082886,1.0021630959947676,0.726516993198139,10.0,100.0,11.0,111.0,100.0,,100.0,,50.595772065705724,,300.0,20.0,1.0,-0.3704033965486644,0.12227090718075166,-0.32103019404395877
CYBER,1.722,7.0,3.3730267499222855,0.13350112039475162,0.39689963506932086,0.4304638568941265,0.0,0.0,1.0,10.0,0.0,,100.0,,41.24670632804154,,76.0,20.0,0.0,-0.3353368176003139,0.03333869119177498,0.3625209561894147
DAR,0.21707,18.0,1.0811467416223366,0.8973341714574853,1.0010768347970567,0.7225785156306479,110.0,111.0,11.0,111.0,11.0,,111.0,,62.624238446909054,,398.0,83.0,0.0,-0.5095988639444643,2.6242806522814757,0.6212911715747336
DASH,27.07,10.0,2.7372640991534207,0.34552879906155287,0.6637367398345151,0.45878872041273827,0.0,100.0,11.0,110.0,100.0,,100.0,,42.79690665207291,,20.0,20.0,0.0,-0.4544698124954662,-0.23791976868871983,-0.44752682333252986
DATA,0.0245,6.0,2.089225620447953,0.13562423516494004,0.46309950679072287,0.41496077451715485,0.0,0.0,1.0,10.0,0.0,,100.0,,44.36846324974496,,328.0,20.0,0.0,-0.4304056903713267,-0.28058626687119176,-0.6051932712918741
DCR,13.88,11.0,1.6835189483639341,0.4432314303828785,0.7610804177774815,0.6750848463985641,0.0,1.0,11.0,110.0,101.0,,101.0,,45.861936348747804,,902.0,20.0,0.0,-0.11972836054018061,-0.4240130377856985,-0.4134439444132706
DEGO,1.541,3.0,1.9603121173834905,0.16715674206964837,0.1554007340641349,0.3470597549273898,1.0,100.0,0.0,0.0,100.0,,100.0,,47.26046486285755,,727.0,49.0,1.0,-0.37836768104481955,-0.30648166591473347,0.010446847206317248
DENT,0.00095,9.0,2.2728793232459332,0.3252198902417149,0.6726722137279358,0.5534714902643704,0.0,100.0,11.0,110.0,100.0,,100.0,,50.59053422639969,,328.0,20.0,0.0,-0.6118719708527934,-0.1595008166614533,-0.40313439873970747
DEXE,18.47,9.0,5.082381852993281,0.8062725207741595,0.38650754673509424,0.35985780973006604,11.0,111.0,101.0,100.0,10.0,,110.0,,49.62334576289344,,-1.0,11.0,0.0,-0.4837153769464525,-0.5833765442252391,-0.7576190202421127
DF,0.07512,7.0,6.397339443974835,0.6754349249600801,0.23656257107493456,0.46194669666437643,0.0,110.0,100.0,10.0,110.0,,100.0,,53.395197159541546,,328.0,83.0,1.0,-0.44643050973869775,-0.12562521885982794,-0.5756490402900236
DGB,0.0081,8.0,3.873354360614016,0.34630611155681634,0.30960788957372304,0.5009103316111836,1.0,100.0,1.0,10.0,100.0,,100.0,,49.68133155302112,,342.0,27.0,0.0,-0.40298836951633904,-0.12444238428627767,-0.4347666948825464
DIA,0.5547,14.0,1.8845733047829718,0.23631741812539225,0.9037121556300728,0.7790485434058105,100.0,101.0,11.0,111.0,101.0,,100.0,,48.309200359607594,,300.0,5.0,2.0,-0.5673855469411357,-0.16289227209804288,-0.36368745918387807
DOCK,0.0039,2.0,20.978171832746323,0.03083432674632709,0.04617516458140433,-0.09043621119428401,0.0,100.0,0.0,0.0,0.0,oversold,0.0,oversold,33.68447808062614,,328.0,298.0,2.0,0.375824317079786,-0.7006071785415288,9.760475899879665
DODO,0.0938,7.0,2.26632445876157,0.23395079509137812,0.562230568669587,0.542258932194052,0.0,0.0,11.0,10.0,100.0,,100.0,,45.998571380485224,,300.0,20.0,1.0,0.346640096747406,-0.7614958214685257,0.32566902273416604
DOGE,0.24378,4.0,4.254753922249927,0.36417834863340137,0.17412637970461126,0.30139899058498254,1.0,100.0,0.0,0.0,100.0,,100.0,,55.730992191923484,,-1.0,27.0,1.0,-0.6074809523038623,-0.2537745888325802,-0.5078065941883493
DOT,5.0,6.0,2.9715157094336586,0.3345719721517311,0.6477262858638342,0.2934397312459344,0.0,100.0,11.0,100.0,100.0,,100.0,,47.66838016725074,,90.0,20.0,1.0,-0.48987716966607503,-0.2393014422399946,-0.36305797567458176
DREP,0.0256,1.0,8.22576482781389,-0.4888615062149066,0.2439918757280386,-0.2684879946661395,10.0,0.0,0.0,0.0,110.0,,110.0,,29.023107818089443,uncharged,-1.0,372.0,1.0,-0.2637141666991536,1.526914183437605,1.8500620096240894
DUSK,0.1383,8.0,2.2778301669391574,0.21838320749197254,0.9097797179251562,0.6149928861086738,0.0,0.0,11.0,110.0,0.0,,0.0,,45.8913473927927,,370.0,20.0,1.0,-0.49052022951281427,0.6769506643763972,-0.22303275561178623
DYDX,0.7926,7.0,5.2435773507348555,0.23185430976652038,0.7104936137275054,0.44920692763857517,0.0,0.0,11.0,110.0,100.0,,100.0,,41.46374310282234,,-1.0,20.0,1.0,-0.4268760018552701,-0.3234139797600194,-0.44427679840802403
EDU,0.2699,7.0,1.8450453683142383,0.02114637777500815,0.271602488421575,0.6129315361624644,0.0,0.0,1.0,10.0,0.0,,0.0,,45.19770854038466,,-1.0,20.0,1.0,-0.4316119029451145,-0.20380195371799875,-0.03574575127694598
EGLD,23.26,9.0,2.474665986370532,0.260497525955238,0.7914940895769413,0.5816524135754318,10.0,0.0,11.0,110.0,100.0,,100.0,,44.26406971322327,,342.0,20.0,1.0,-0.6002386127744914,-0.25374036354816226,-0.5307603122547555
ELF,0.2996,10.0,1.542127854267678,0.20598519540299284,0.830508874598762,0.8778724969326634,1.0,0.0,1.0,11.0,100.0,,100.0,,36.18916018273323,,20.0,20.0,1.0,-0.2711614950614962,2.6143580385451473,0.4302323069387668
ENJ,0.1215,6.0,5.924713880703818,0.24882228781366694,0.5440324862806863,0.33908799339501294,0.0,0.0,1.0,110.0,100.0,,100.0,,42.56201077061776,,-1.0,20.0,0.0,-0.46779859545642605,-0.2417913889826491,-0.4439724618052242
ENS,27.42,12.0,3.7437050791733357,0.4846120242796633,0.8391499154350898,0.6163474939975264,11.0,110.0,11.0,110.0,100.0,,100.0,,54.28883394044555,,342.0,-1.0,0.0,-0.7186552211531547,0.10637228013281476,-0.3488336515966183
EOS,0.6426,10.0,3.244858605309504,0.4011871023832484,0.6969537491196868,0.6143737383099999,1.0,100.0,11.0,110.0,100.0,,100.0,,46.318428071889954,,342.0,20.0,0.0,-0.4076216273060366,-0.15706087887718717,-0.5032283595303211
EPX,1.94e-05,1.0,7.323279896958667,-0.33529958472309684,0.03984724380712873,-0.218580585330516,0.0,0.0,0.0,0.0,0.0,oversold,0.0,oversold,43.19985737152074,,-1.0,202.0,3.0,0.8044569471327511,-0.4285351285202203,2.7482519410106323
ERN,1.41,8.0,2.040784530189637,0.13455035827269804,0.7090054307816746,0.5820327665617803,0.0,0.0,11.0,10.0,0.0,,100.0,,42.108856031234524,,608.0,20.0,0.0,-0.2797633920011157,0.28650364116329086,0.5452288337075686
ETC,20.66,11.0,1.4640722015314809,0.3066353206913041,0.5692492476628014,0.511164174928746,1.0,100.0,11.0,1.0,100.0,,100.0,,48.36056313280246,,342.0,20.0,1.0,-0.47298997531069986,-0.07601528492695743,-0.5447064167130232
ETH,2789.91,12.0,0.8429358907077755,0.3265531035641644,0.9674332630279376,0.7749788386760298,11.0,100.0,11.0,111.0,0.0,,100.0,,49.04233721705145,,76.0,20.0,1.0,-0.5002587072507683,0.0754335669744321,-0.42199029389265774
EUR,1.0476,14.0,0.08551287162389642,0.43464393014248154,0.7201361671315182,0.5809139866873798,101.0,1.0,111.0,101.0,1.0,,11.0,,74.50751008377857,,958.0,29.0,1.0,-0.7283556697443871,0.17033396717894606,-0.33556714787031294
FARM,34.82,8.0,1.3811903436586286,0.21535386297683312,0.5457813718903453,0.49999999999999706,0.0,0.0,11.0,10.0,0.0,,100.0,,44.960635738027996,,867.0,20.0,0.0,-0.32371584981094825,-0.5814754028156955,0.4948130656210555
FDUSD,0.9987,9.0,0.003635800367077104,0.4020800492886625,0.23967119956066796,0.5258620689655403,11.0,10.0,0.0,10.0,10.0,,0.0,,34.501979814517576,,202.0,103.0,1.0,-0.3685847632026581,-0.05689753933444837,-0.33656590330083513
FET,0.756,5.0,2.313367575779431,0.10959002311275731,0.45824521123871914,0.2542906969853059,0.0,0.0,1.0,110.0,0.0,,0.0,,44.78405950810434,,-1.0,20.0,1.0,-0.3068919394916093,-0.1925724369454684,-0.5122121059521668
FIDA,0.1344,4.0,2.3496641287881084,0.10059506457221996,0.13578591059558623,0.2943863399180294,0.0,0.0,0.0,0.0,0.0,,0.0,,47.29382904155941,,-1.0,20.0,0.0,-0.4018021608908123,0.355035988542885,-0.06730613949893521
FIL,3.432,8.0,2.401519263611262,0.25180750120193907,0.6978500315929774,0.517591818032598,1.0,0.0,11.0,110.0,100.0,,100.0,,46.723699334551526,,20.0,20.0,0.0,-0.6125439810981417,-0.1157164986425239,-0.5153406149146194
FIO,0.02328,6.0,2.5822857837767272,0.2103624523899368,0.4388847879420588,0.3917750209597743,0.0,100.0,0.0,10.0,100.0,,100.0,,44.247648916523616,,20.0,20.0,0.0,-0.3853860883822554,-0.31797713852580584,-0.3672313001120924
FIRO,1.289,9.0,1.895231695006383,0.33913236723643114,0.6939535793331594,0.5392484829910873,0.0,100.0,11.0,110.0,100.0,,100.0,,46.19303877141278,,-1.0,20.0,0.0,-0.29824818720134044,-0.2511172753964988,-0.4822981064740317
FIS,0.2316,3.0,1.7384897626839957,0.130211105349769,0.16823285418743836,0.27051497507884315,0.0,0.0,0.0,0.0,0.0,,100.0,,50.464520009983765,,300.0,133.0,0.0,-0.03044753774636269,0.05736823430702469,-0.07253860112321571
FLM,0.0427,8.0,2.4998466906780545,0.20153068518230624,0.7530138588033572,0.6767898419664489,0.0,0.0,11.0,110.0,100.0,,100.0,,42.78137314780974,,76.0,20.0,2.0,0.4293159649226062,-0.16219748724540523,-0.41850216262948037
FLOKI,9.384e-05,7.0,3.72327641301074,0.17020503732285253,0.45379082138328003,0.28968739588566833,0.0,0.0,10.0,110.0,0.0,,100.0,,41.976235533006765,,-1.0,27.0,0.0,-0.30206328088252843,0.18310992628295744,-0.2651519729764987
FLOW,0.521,7.0,2.5047428362952475,0.2845970147229389,0.7008472078993266,0.357544154469193,0.0,0.0,11.0,110.0,100.0,,100.0,,43.91014690820088,,503.0,20.0,1.0,-0.5342906564532443,-0.03890121618698912,-0.41310109163855124
FLUX,0.4025,5.0,1.6458539588296983,0.1788023795211677,0.4002156360645933,0.32753248102697713,0.0,0.0,10.0,10.0,0.0,,100.0,,48.37590000751901,,-1.0,20.0,1.0,-0.5463532467889801,0.05302315609103579,-0.5879494970929481
FOR,0.00306,0.0,4.551189760050721,-0.3343524815461812,0.15558921948445664,-0.17886514838945033,10.0,0.0,0.0,0.0,0.0,oversold,0.0,oversold,44.60063914859449,,342.0,300.0,3.0,0.9155144700579315,-0.41977978385628284,0.6625122239260449
FORTH,3.538,7.0,2.0016278565867864,0.3575723276062573,0.2589029891350931,0.6248243186917846,10.0,100.0,1.0,10.0,100.0,,100.0,,60.43423696626579,,216.0,20.0,0.0,-0.6889414210887642,-0.10296869739455619,-0.6209776599820097
FRONT,0.88,14.0,2.047062407996411,0.41711518106418344,0.8770293486223395,0.8220477157325645,101.0,101.0,11.0,101.0,1.0,,1.0,,39.94780548026459,,328.0,193.0,2.0,0.2504952197048349,2.1923364156455665,1.6890324947468396
FTM,0.6994,7.0,3.3135494003797255,0.4018618334540274,0.2782182774479793,0.534502130583638,10.0,110.0,1.0,10.0,110.0,,110.0,,53.104975466376494,,76.0,46.0,1.0,-0.3734409062401908,-0.24091848678938763,-0.25720110825298814
FTT,1.8506,3.0,1.9529236298748178,0.2910745978797198,0.20246645483430992,0.15451019888349524,0.0,100.0,0.0,0.0,100.0,,100.0,,56.1091657754316,,867.0,-1.0,0.0,-0.2273805406190706,0.4245841979515073,-0.11581317048054171
FUN,0.002809,4.0,1.5997194617649118,0.20347981774338486,0.20032395005920778,0.25934203634327324,1.0,0.0,0.0,0.0,100.0,,100.0,,43.434932585774526,,-1.0,13.0,0.0,-0.2575248763555792,-0.3057535314340803,-0.2040007242617569
FXS,1.87,7.0,3.339588469037452,0.264042501412457,0.8345125017561429,0.46189641390386904,0.0,0.0,11.0,110.0,100.0,,100.0,,42.99076399190882,,20.0,20.0,1.0,-0.5064401087822274,-0.1631560689113682,-0.4606848367527492
GAL,2.542,16.0,2.503218999334227,0.2422377472191299,0.939027430958468,1.0008646676873925,111.0,101.0,11.0,111.0,101.0,,1.0,,39.85988340953601,,608.0,362.0,2.0,0.927750748752298,0.8979228762970415,2.182194436653813
GALA,0.02265,5.0,4.425778372498076,0.29798954751816714,0.5329476526318804,0.3390159984472922,0.0,0.0,1.0,110.0,100.0,,100.0,,47.346492335864106,,958.0,20.0,1.0,-0.5717307390656899,-0.22671534100213753,-0.4953799406271608
GAS,3.953,9.0,1.1190734496798482,0.2758181220579571,0.6461055910138606,0.36454219857754316,0.0,100.0,11.0,110.0,100.0,,100.0,,50.847421534209616,,342.0,20.0,0.0,-0.5708971438905678,0.33277479193949533,-0.3754114927300753
GBP,1.18,3.0,0.08063467160015605,0.030630138574137385,-0.012196125170727306,-0.007791466225049541,0.0,10.0,0.0,0.0,10.0,,10.0,oversold,55.14420684521482,,783.0,474.0,3.0,-0.011046525726487299,0.6056275671241498,0.13445750597606956
GFT,0.00196,1.0,3.1979765064119294,-0.7125434808259302,-0.330127042975623,-0.05107786913261502,0.0,0.0,0.0,0.0,0.0,,0.0,oversold,30.021913195664844,,-1.0,158.0,2.0,0.4025341334613344,30.082996951418203,14.92512876857258
GHST,0.57,7.0,1.991868874943038,0.11273437806146956,0.63911479043774,0.6681800483304408,0.0,0.0,1.0,110.0,0.0,,0.0,,40.73706513613388,,216.0,20.0,0.0,-0.3178191964361478,-0.4914557646601179,-0.13349504597640588
GLM,0.3927,15.0,1.1763191353922364,0.6732981777399261,1.0557168970001252,1.008240334066045,111.0,1.0,11.0,111.0,1.0,,101.0,,46.34709060632614,,6.0,20.0,1.0,-0.3693003017192128,18.24523152764047,5.618054197916133
GLMR,0.1279,4.0,4.203975846939197,0.20996813408495976,0.4111922026178017,0.24363847359834628,0.0,0.0,10.0,100.0,100.0,,100.0,,41.60643155500943,,328.0,20.0,0.0,-0.530763747080419,0.001031242445863859,-0.39699651513820167
GMT,0.0694,8.0,5.339171591554629,0.15804729409984408,0.6017133244536477,0.4086771381878998,0.0,0.0,11.0,110.0,100.0,,100.0,,41.46279777122774,,342.0,20.0,0.0,-0.318903700615659,-0.39211101943954385,-0.4389487049464327
GMX,19.57,7.0,1.8671144751022033,0.24130576273923438,0.4791776641518272,0.40916109016439256,0.0,0.0,0.0,10.0,100.0,,100.0,,45.664679544743684,,356.0,20.0,0.0,-0.5091537023871276,-0.8153154070196817,-0.05131447525029576
GNO,179.0,8.0,1.1689150739679066,0.17645160714921596,0.7950347208621317,0.5683647850443323,11.0,0.0,11.0,110.0,100.0,,100.0,,53.094071049146784,,328.0,20.0,0.0,-0.6313062129966183,7.731015685396428,2.6209039835909875
GNS,1.677,14.0,1.4493111373185177,0.3699616623415627,0.7680424857176208,0.7762645857530049,100.0,1.0,111.0,111.0,101.0,,101.0,,42.44149059350066,,132.0,19.0,0.0,-0.32534187369273054,0.9078211878077543,0.08181483838733113
GRT,0.1361,6.0,2.483081926827139,0.22426873883291876,0.49212132897101263,0.32766241325634504,0.0,0.0,10.0,110.0,0.0,,100.0,,45.261446253779965,,-1.0,20.0,0.0,-0.570832362387145,0.12682541102073266,-0.4412330678557538
GTC,0.474,9.0,3.8475945182706757,0.24173174777752218,0.7278464867002696,0.46176608584662376,0.0,0.0,11.0,110.0,100.0,,100.0,,40.18251908599799,,146.0,20.0,0.0,-0.559849595602074,0.240962584746751,-0.29416653736193965
HARD,0.1362,10.0,1.1060674270539657,0.474746330692464,0.8351338483733612,0.5643431359618388,0.0,1.0,11.0,110.0,101.0,,101.0,,50.955039529238356,,398.0,20.0,2.0,0.3786952547324609,0.39261687040813237,-0.04717818857970352
HBAR,0.21006,4.0,61.09912935145614,0.5275546761834032,0.1446702077051828,0.07812431107665882,10.0,110.0,0.0,0.0,110.0,,100.0,,51.81458603816776,,398.0,20.0,1.0,-0.4645136549516839,-0.15094690601200786,-0.4307805395792369
HFT,0.0998,6.0,3.9582218044710658,0.17254754208710907,0.316844518003789,0.4878778776391931,0.0,0.0,1.0,10.0,100.0,,100.0,,46.17627804691831,,342.0,20.0,0.0,-0.16361889929482878,-0.00154525219887352,-0.39959570687352275
HIFI,0.4535,10.0,1.103949518454624,0.25751838931490906,0.8594435950177215,0.6572483398710823,0.0,0.0,11.0,110.0,100.0,,100.0,,48.73065842431131,,328.0,20.0,0.0,-0.4025681601835504,1.6113032839453183,0.11916798349019907
HIGH,0.979,9.0,2.150688794485236,0.20776486594991694,0.7514921047484389,0.6690056910966582,0.0,0.0,11.0,110.0,0.0,,0.0,,42.760778736591874,,580.0,20.0,0.0,-0.5036177074932352,0.15967011122343144,-0.35043871481008715
HIVE,0.3396,10.0,3.9764188128250715,0.5441300082046572,0.7919645416377117,0.5386171078847396,0.0,110.0,11.0,110.0,100.0,,100.0,,56.144668079843434,,342.0,4.0,0.0,-0.10590074688836915,-0.12176310692138088,-0.11722601317628815
HOOK,0.2072,8.0,4.171712623993667,0.14847777003163148,0.5845325716650016,0.5059570575840378,0.0,0.0,11.0,110.0,100.0,,101.0,,41.697286518109756,,461.0,20.0,0.0,0.07716401284717715,-0.6820859263557227,-0.16507617846830563
HOT,0.001561,4.0,2.723671367215141,0.25135772347749263,0.27234312079226597,0.23547445629645145,0.0,100.0,0.0,0.0,100.0,,100.0,,47.60023921441532,,342.0,20.0,0.0,-0.5054303361219544,-0.22587196038580085,-0.3529606817954612
ICP,7.057,6.0,1.733863407393704,0.22385706528168872,0.5633532851450582,0.3796753835585903,0.0,0.0,1.0,110.0,100.0,,100.0,,48.685583023663106,,797.0,20.0,0.0,-0.38272168049774463,-0.1655689566018636,-0.42661680777516753
ICX,0.1336,9.0,1.9570217929892313,0.2935844013766862,0.8121519869552416,0.640820365774272,0.0,0.0,11.0,110.0,100.0,,100.0,,45.63100055770215,,300.0,20.0,0.0,-0.40902888253682473,-0.26002781846111583,-0.506056223454636
ID,0.305,5.0,1.680655186952937,0.2072349630478825,0.6903435525915823,0.3003169336882031,1.0,0.0,10.0,100.0,0.0,,100.0,,41.65822121773312,,398.0,20.0,0.0,-0.42051123953735847,1.5387344294151313,2.384519828559862
IDEX,0.03707,6.0,4.160857234837337,0.3151079006185561,0.4711643116798894,0.4833603366096969,0.0,0.0,1.0,10.0,100.0,,100.0,,50.291810926168914,,300.0,93.0,0.0,-0.47494793602587493,-0.775758755692344,3.9651477586490427
ILV,18.78,5.0,4.1426275634565455,0.12178372329921622,0.20853982636434312,0.4139283193416139,10.0,0.0,0.0,10.0,0.0,,100.0,,38.980916877946136,,-1.0,20.0,1.0,-0.6543400957198305,-0.07987964057592165,0.005801347193810285
IMX,0.717,4.0,2.6188698266967023,0.08804339083969984,0.08342993491540453,0.3593690394400646,1.0,0.0,0.0,0.0,0.0,,100.0,,42.88739880911138,,342.0,20.0,1.0,-0.3963392464824814,-0.08981170385466591,-0.08887935703479785
INJ,15.53,8.0,1.8902392155586314,0.19694349312438508,0.7414374894639141,0.35796740671174654,1.0,0.0,11.0,100.0,100.0,,100.0,,48.37052922960738,,328.0,20.0,1.0,-0.5669285088796048,-0.07737717260392285,-0.3427894243878048
IOST,0.005152,8.0,1.9848330972618162,0.31869672995084547,0.7619655928076556,0.4491848415389553,0.0,0.0,11.0,110.0,100.0,,100.0,,44.883448740603356,,300.0,20.0,0.0,-0.28735029744440993,-0.11902739397843083,-0.4162807519209896
IOTA,0.2253,9.0,8.122776551210528,0.44533767354804243,0.45805216334024607,0.4665212544162263,0.0,110.0,1.0,10.0,100.0,,100.0,,44.4382181529977,,342.0,20.0,0.0,-0.5126852473600355,-0.34853780886274893,-0.4413700100160663
IOTX,0.0193,7.0,2.5063728917852672,0.06653221955837485,0.3328106397866023,0.3799284451522184,10.0,0.0,1.0,110.0,0.0,,100.0,,38.14566980030065,,300.0,20.0,0.0,-0.33184998195752147,0.08151935802839844,-0.12082462816888294
IQ,0.005601,6.0,1.159375293988101,0.22293823494018528,0.5542672699438476,0.40795475246664903,0.0,0.0,1.0,110.0,100.0,,100.0,,44.10302656313257,,-1.0,4.0,1.0,2.9231534091699145,-0.20482952057774906,-0.4780907303172063
IRIS,0.00521,1.0,1.105419441049967,-0.4300878760128809,0.032438384759775236,-0.22462001865963796,0.0,0.0,0.0,0.0,10.0,,0.0,oversold,44.49335544749115,,328.0,-1.0,1.0,-0.38117774984901415,-0.4779287552351832,10.665588721890792
JASMY,0.02096,2.0,3.591561970619759,0.31865427229083043,0.11704079134912601,0.21018162936549867,0.0,100.0,0.0,0.0,0.0,,0.0,,51.85868707754575,,76.0,27.0,0.0,-0.4674127639813606,-0.35695745392121836,-0.6489538929223903
JOE,0.2443,7.0,2.915173428997812,0.2181623547802592,0.750821653869549,0.2600614214645379,0.0,0.0,11.0,110.0,100.0,,100.0,,43.92368885872246,,300.0,20.0,1.0,0.47408228123434776,-0.20312075952474443,-0.16019518063223864
JST,0.03389,11.0,0.867855650441269,0.4106759021451548,0.5851358817192392,0.4656783562622104,1.0,100.0,11.0,101.0,100.0,,100.0,,33.587333717865505,,216.0,27.0,0.0,-0.5321542951244043,-0.36605044753652477,-0.6519843794741033
JUV,1.317,5.0,0.8785690167130072,0.24066633522994918,0.5407106117968867,0.2364286899791005,100.0,1.0,10.0,0.0,101.0,,101.0,,31.387039214072594,,342.0,20.0,0.0,-0.22176760491451747,0.17030823474186946,5.570404111869863
KAVA,0.4359,4.0,1.4332243405295395,0.4482867560299885,0.14211878428301145,0.33024726328096976,1.0,0.0,0.0,0.0,100.0,,100.0,,59.93341068581182,,216.0,65.0,1.0,-0.6008928147352597,-0.5509610350419133,-0.6821794227492652
KDA,0.5472,9.0,8.07673244193483,0.29989305043773307,0.5463644026409123,0.39675327548146994,0.0,100.0,1.0,110.0,100.0,,100.0,,42.571558827320914,,1021.0,5.0,0.0,-0.53468235845398,-0.3214975713919738,-0.4256634325379205
KEY,0.001253,1.0,2.280206799123255,-0.30866516457390963,0.052270750921456555,-0.1385905627067164,0.0,0.0,0.0,0.0,0.0,oversold,0.0,oversold,42.97724700487648,,398.0,93.0,1.0,-0.010311428345470589,-0.6832072301671626,3.4323986588655653
KLAY,0.1255,11.0,0.5051865334457143,0.25076493329739047,0.4674381068064845,0.9619249002514793,111.0,0.0,1.0,11.0,10.0,,10.0,,49.20335440015704,,300.0,158.0,2.0,-1.0,-0.685046948647243,0.2448993202601224
KMD,0.202,7.0,1.4680187660989268,0.1957020887127446,0.6336148651218056,0.46078588230114104,0.0,0.0,11.0,10.0,0.0,,100.0,,43.43274105583555,,-1.0,20.0,0.0,0.1866397893408525,0.008140331769437075,-0.2515022738964201
KNC,0.4334,9.0,1.4678394589740142,0.27708354549411635,0.7284177012585904,0.5818281793518517,1.0,0.0,11.0,110.0,100.0,,100.0,,43.730144860951995,,342.0,20.0,0.0,-0.38375899074660236,-0.3625772925588681,-0.22563311261030305
KP3R,16.48,2.0,1.8954556727489715,-0.31467526221893954,0.17511581490595451,0.009426029707014588,10.0,0.0,0.0,0.0,10.0,,10.0,oversold,45.56011115486473,,258.0,165.0,1.0,0.8643737398471922,-0.10024661335788357,1.1241605423441634
KSM,20.13,11.0,4.27909969823482,0.3155522365332132,0.6370330514039415,0.41689175804560025,0.0,100.0,11.0,110.0,100.0,,100.0,,49.87252323304944,,-1.0,20.0,1.0,0.2765883305183163,-0.17348553573684902,-0.5220732707998919
LAZIO,1.185,6.0,0.9767846639156496,0.16249081126013312,0.4834275319554072,0.3315445395587627,0.0,0.0,10.0,10.0,101.0,,100.0,,43.84096819562221,,-1.0,5.0,0.0,-0.2865648245957698,-0.7533822483994561,-0.20044486971595316
LDO,1.681,8.0,1.9285882178773732,0.5446345627734673,0.4611091878348435,0.3566113249432649,1.0,10.0,10.0,0.0,110.0,,100.0,,68.32088010521758,,76.0,31.0,1.0,-0.5077991983338861,-0.12546946771388393,-0.3908495710573331
LEVER,0.0014,8.0,1.5107514416045413,0.22412987038251328,0.6370851378206156,0.4931565607867756,0.0,0.0,11.0,110.0,0.0,,1.0,,48.43577490130124,,265.0,5.0,2.0,0.45341928500946044,-0.6440988282713126,-0.33185147147319394
LINA,0.002687,8.0,3.853299678076353,0.19705733634531666,0.6624313819463125,0.5175847504474627,0.0,0.0,11.0,110.0,100.0,,100.0,,41.84655503003064,,20.0,20.0,2.0,0.21468876691783204,-0.4185288717100027,-0.4710285548486919
LINK,17.64,7.0,2.5681406027638674,0.45363386454768195,0.15576790417320124,0.3245221632497447,11.0,110.0,0.0,0.0,100.0,,100.0,,60.795728930176814,,202.0,20.0,0.0,-0.5519426525195582,-0.1235199394706216,-0.5827511341916666
LIT,0.743,6.0,1.5157789378260595,0.4202042840595874,0.5395865848121673,0.43143373340832236,1.0,0.0,10.0,1.0,100.0,,100.0,,58.78839484015688,,342.0,83.0,0.0,-0.3901724389135012,0.14115758661554648,8.650675577490302
LOKA,0.136,8.0,2.4611105707785326,0.2177577262351896,0.6779536705173652,0.6388827263359979,0.0,0.0,11.0,110.0,100.0,,101.0,,43.19245869568566,,216.0,20.0,0.0,-0.6351251227265364,0.09372981756050583,0.6538819345919605
LOOM,0.04831,3.0,1.7651428784513812,0.21910834676127064,0.43902934828083595,0.17605577494151883,110.0,0.0,0.0,100.0,0.0,,11.0,,48.27754969255144,,-1.0,190.0,2.0,-0.26461606791463604,-0.7617376132898119,-0.4990493039092107
LPT,7.338,5.0,2.3932881776065718,0.1187026350308236,0.1996891013423141,0.35980669672659366,0.0,0.0,0.0,10.0,0.0,,0.0,,45.85875540949389,,342.0,20.0,0.0,-0.58078955149784,-0.10652190434240583,-0.24267440859880152
LQTY,0.943,5.0,5.29690459152736,0.2784279121919202,0.22165371618140944,0.20337288097975084,10.0,100.0,0.0,100.0,100.0,,100.0,,52.91879578944739,,-1.0,20.0,0.0,-0.6205342173111588,-0.1354901735215034,0.09827978820169378
LRC,0.1377,8.0,3.1707486237771114,0.3218407584232737,0.7464173467571383,0.5321511560396276,0.0,0.0,11.0,110.0,100.0,,100.0,,47.30105979182826,,300.0,13.0,0.0,-0.5410754717330655,-0.3128410320870103,-0.11111130569497801
LSK,0.758,6.0,1.3370480124336186,0.2674904198984946,0.64693670490386,0.31183741169144563,0.0,0.0,10.0,110.0,0.0,,100.0,,47.13136853272403,,468.0,20.0,0.0,-0.4649141019648593,0.043838366741094016,-0.42507223536013444
LTC,126.96,9.0,1.4206015066626039,0.8084619749577939,0.662689552131162,0.2780114513450668,1.0,111.0,110.0,0.0,101.0,,101.0,,67.90145765005539,,20.0,20.0,0.0,-0.6473154001925007,0.107207083079416,0.33706985685708624
LTO,0.083,9.0,3.3355518154200725,0.21076244478316783,0.7540926541650765,0.6087319088829405,1.0,0.0,11.0,110.0,0.0,,100.0,,40.11135300749239,,216.0,20.0,0.0,-0.4044006897095742,0.06402309156363736,0.2107530205838624
LUNA,0.2531,6.0,2.903568218428057,0.19286756746117492,0.4112762339164311,0.33601188178598446,0.0,0.0,0.0,10.0,100.0,,100.0,,41.76693385724354,,-1.0,20.0,0.0,-0.4623618785253161,-0.41951415481460486,-0.4048120256961602
LUNC,7.305e-05,3.0,1.9203036512675242,0.2266692252639002,0.5098951687340604,0.19317799530667165,0.0,100.0,10.0,0.0,100.0,,100.0,,40.14314414384865,,258.0,20.0,0.0,-0.5293775790468556,-0.48867865948698275,-0.3811339534300999
MAGIC,0.2458,7.0,3.306282471946493,0.17647622895426743,0.6347836135475042,0.28726687933488554,0.0,0.0,11.0,110.0,100.0,,100.0,,49.15084177109846,,342.0,1.0,0.0,-0.26788270173236267,-0.09909228247380725,-0.0067244073726110435
MANA,0.3144,4.0,3.6656125115668803,0.2771016655856403,0.22931636014633613,0.2736080245782486,0.0,100.0,0.0,0.0,100.0,,100.0,,49.01935606065853,,342.0,20.0,1.0,-0.43655474160647256,-0.08269609105430074,-0.5060825979575335
MASK,2.199,4.0,1.4333216532150745,0.24350975642045938,0.3091788515691642,0.2990215301731545,0.0,0.0,0.0,10.0,100.0,,100.0,,46.40710291092449,,300.0,27.0,0.0,-0.4321178885806938,-0.1608463133241345,-0.7005501325010022
MATIC,0.3794,10.0,1.5165034260625163,0.14966865987162373,0.28787002089624714,0.8015491136848101,110.0,0.0,1.0,11.0,1.0,,0.0,,50.14035371512702,,300.0,194.0,1.0,0.8827173774131302,-0.34731949332834233,-0.05217059882777353
MAV,0.0963,9.0,5.165967648803764,0.17722755828480694,0.7312037329047637,0.5820382781849265,0.0,0.0,11.0,110.0,100.0,,100.0,,39.98485057757852,,20.0,20.0,1.0,-0.6027556502595168,-0.04250856938991522,-0.2825829587677999
MBL,0.002748,7.0,1.0578999949558339,0.3085193239770892,0.7695502588139539,0.4572773437218912,10.0,0.0,11.0,110.0,100.0,,100.0,,61.92880943392474,,300.0,20.0,1.0,0.9615132597962089,-0.3041780444079757,-0.24003611676772912
MBOX,0.1221,7.0,3.492860301124442,0.2479863271438652,0.5906237798529226,0.5945473067212547,0.0,0.0,11.0,10.0,100.0,,100.0,,42.85512331745383,,342.0,20.0,2.0,-0.25036442647727253,-0.7610043358690487,-0.16384186830472428
MDT,0.03572,4.0,1.3994942547728233,0.16945920048645538,0.20030349232721473,0.3100509858850495,0.0,0.0,0.0,0.0,100.0,,100.0,,50.533670807583874,,-1.0,19.0,0.0,-0.09729117145130019,-0.12975279150656369,-0.6166665209677207
MDX,0.0345,6.0,2.1800748764571334,0.11868399766715013,0.3608423848800491,0.3558460270178166,101.0,0.0,0.0,1.0,1.0,,0.0,,49.497809331589295,,-1.0,225.0,1.0,0.08228667456160337,-0.5833947854501863,7.986153214609905
MEME,0.00437,6.0,5.278577066803654,0.0921962625689534,0.4021970763605489,0.6194444615340321,0.0,0.0,1.0,10.0,0.0,,101.0,,35.8406746363469,,342.0,80.0,0.0,-0.15372867752149894,-0.32587542244562306,-0.4203632005446012
MINA,0.3596,10.0,2.6531746691934877,0.16750489094796586,0.7535674231638634,0.5137380488027764,0.0,0.0,11.0,110.0,100.0,,100.0,,38.36917386815665,,398.0,27.0,1.0,-0.5515926635038466,-0.012205172256071033,-0.3525650050318522
MKR,1592.0,12.0,1.752100352418815,0.6186396711202802,1.0457559861909345,0.8012960935556547,110.0,1.0,11.0,111.0,1.0,,1.0,,41.33659781116072,,258.0,20.0,1.0,-0.5182144360526698,2.018014479886791,0.6286903473424988
MLN,13.15,8.0,1.2798962883104799,0.1868633720181149,0.46533872718456126,0.5997750751042321,0.0,0.0,1.0,10.0,0.0,,100.0,,47.69282204355262,,-1.0,20.0,0.0,-0.36010169808088704,1.5320565732557325,-0.5082246890862815
MOB,0.0623,2.0,7.855497846187411,-0.2021965465398374,0.28365629491287364,-0.05904424058366588,10.0,0.0,0.0,100.0,100.0,,0.0,,49.07981901204001,,-1.0,-1.0,0.0,-0.6474423192115433,4.184662157928416,18.542797652620813
MOVR,8.188,8.0,3.0134425516283714,0.2573517688370368,0.7510177213749456,0.3778388848448562,1.0,0.0,11.0,100.0,100.0,,100.0,,46.396113481407205,,342.0,20.0,1.0,-0.6312855225931545,0.6058345923062629,0.29292692311294954
MTL,0.968,7.0,1.2902915156529586,0.31474087862715605,0.6969354086404408,0.32846831995686016,0.0,0.0,10.0,110.0,100.0,,100.0,,49.3486416132464,,216.0,20.0,0.0,-0.055496441154785775,0.7251246510120248,-0.11285344024811998
MULTI,0.834,1.0,1.482304877450517,-0.22317384373997448,0.1369859936347168,-0.12761842707847934,10.0,0.0,0.0,0.0,10.0,,100.0,oversold,34.243593008778994,uncharged,-1.0,412.0,2.0,2.0726589046619863,-0.7941923454915503,-0.056938656886744016
NEAR,3.382,6.0,2.019827452908461,0.17395191240300586,0.6019299754455809,0.3376788728229764,0.0,0.0,1.0,110.0,0.0,,0.0,,45.80000356102433,,300.0,20.0,1.0,-0.20004286532691717,-0.181426221290257,-0.19398662934334213
NEO,10.58,4.0,1.7380368239225124,0.28956873014319046,0.29184058951371494,0.2377462740293165,0.0,100.0,0.0,0.0,100.0,,100.0,,44.355215198134125,,90.0,20.0,0.0,-0.6067800405992263,-0.38102246308257876,-0.552143422975746
NEXO,1.33,6.0,0.6783275601693941,0.5855263538995052,0.3891120753109365,0.16363144957185838,10.0,111.0,0.0,0.0,0.0,,100.0,,70.58776280250974,,328.0,112.0,1.0,-0.3257386677708428,0.07268746393621163,-0.4194445053130556
NKN,0.0614,6.0,1.9625135527274913,0.2195071102488224,0.4235330911286071,0.584597640825473,0.0,0.0,1.0,10.0,100.0,,100.0,,46.76128310519384,,608.0,20.0,2.0,-0.2140884994502966,0.24612132531980038,-0.17149816716874108
NMR,11.2,6.0,1.9969062306429406,0.2237042625486113,0.6267022052367172,0.32291030021169775,1.0,0.0,11.0,100.0,100.0,,101.0,,42.77074339345358,,342.0,10.0,0.0,-0.5411168264178767,0.0049571380465165465,-0.3113982401354911
NTRN,0.1901,7.0,4.317769186731395,0.13996598865084103,0.4636672476777899,0.5806743178190803,0.0,0.0,1.0,10.0,0.0,,101.0,,36.99698493851062,,20.0,20.0,1.0,-0.505307539485543,-0.12858699486769304,-0.4087409863647221
NULS,0.2709,10.0,1.5967751269927937,0.243994450046174,0.6995234788745678,0.6501990349049871,1.0,0.0,11.0,11.0,0.0,,0.0,,44.31729127611208,,20.0,20.0,0.0,-0.47005056762688163,-0.06690754404612215,-0.06378202963793336
OAX,0.0358,1.0,1.7829617946974363,-0.49975978927282455,0.09100035207456333,-0.2348525614281482,10.0,0.0,0.0,0.0,10.0,oversold,10.0,oversold,50.85170468190214,,-1.0,158.0,0.0,-0.06790185566468833,-0.546495662970413,3.221604405273759
OCEAN,0.6123,10.0,1.726689911641423,0.13589484988905515,0.4064102167780915,0.6238875239597996,1.0,100.0,10.0,1.0,100.0,,100.0,,48.718140109819586,,-1.0,368.0,2.0,0.3526872590312431,-0.35063278026321576,1.706785818058982
OG,3.765,10.0,1.782222250189011,0.22037924127771144,0.5800313858914821,0.4960217993789297,100.0,100.0,11.0,10.0,100.0,,100.0,,48.754532581802685,,-1.0,27.0,0.0,-0.3047292370763382,-0.5787671192446344,-0.4118553502845483
OGN,0.0844,13.0,1.786903670841676,0.2918815319906609,0.8760306743630472,1.001596571476456,11.0,0.0,11.0,111.0,100.0,,100.0,,53.407760588774586,,342.0,20.0,2.0,-0.13196122029426868,-0.29542823886299,-0.07209369529622975
OM,8.4261,17.0,69.27671649656502,1.1046503323696348,0.9278688526202655,0.8748875208386279,101.0,111.0,111.0,111.0,111.0,overbuyed,101.0,overbuyed,39.8385871739545,,503.0,41.0,2.0,0.26167883892595234,-0.31760604220951943,-0.24266016173383578
OMG,0.383,6.0,3.622443367693236,0.11347175964547371,0.28094221948023557,0.4711324865404427,10.0,100.0,0.0,0.0,100.0,,100.0,,39.39748716317056,,797.0,348.0,2.0,0.13987940951659353,-0.7664855266997266,2.503813754504809
ONE,0.01647,8.0,7.602583596740739,0.365191501469471,0.8398655165723687,0.5237366695819469,0.0,100.0,11.0,110.0,100.0,,100.0,,47.59167272735371,,1014.0,20.0,1.0,-0.4776499943358363,-0.08076574090399749,-0.3424629504408887
ONG,0.2693,10.0,1.1605779305212558,0.26400998369671586,0.8307683949146657,0.5762745907895085,0.0,0.0,11.0,110.0,0.0,,100.0,,47.3588267254941,,398.0,20.0,0.0,-0.161630156842586,1.3211405392789133,-0.24131054866965465
ONT,0.1893,5.0,1.338945695935841,0.3100544183551567,0.41244406814330736,0.2569868479304245,0.0,0.0,0.0,10.0,100.0,,100.0,,48.40909568374871,,-1.0,20.0,0.0,-0.5036016047175125,-0.05270558807559555,-0.5953821136255433
OOKI,0.000119,1.0,4.01049673696726,-0.7210960765454848,0.1567727192637862,-0.08967856656969649,10.0,0.0,0.0,0.0,0.0,oversold,0.0,oversold,41.089239790205276,,1021.0,158.0,3.0,1.0193113000925333,0.42412716221696967,15.576555968707638
OP,1.166,12.0,2.141070848267721,0.1810425361763354,0.8016427938350225,0.6667384735192736,1.0,0.0,11.0,111.0,100.0,,100.0,,45.64800932802258,,76.0,20.0,1.0,-0.40843157166358457,0.019083864704510997,-0.5283087787101323
ORDI,13.9,14.0,5.361307853015372,0.13317568303833274,1.0046196711619597,0.9880868996798055,111.0,0.0,11.0,111.0,0.0,,1.0,,36.81180412432586,,-1.0,20.0,1.0,-0.2518209617261383,0.08466907086196715,-0.2723751170920312
ORN,1.053,10.0,1.2941715643019043,0.2476897448389737,0.4392748399924774,0.9811936134270871,111.0,0.0,1.0,111.0,0.0,,10.0,,55.5036157689922,,-1.0,154.0,1.0,4.402822812091146,0.7394344729387345,0.4158040930931421
OSMO,0.3413,10.0,2.052525520807946,0.22287882940009998,0.8818187924067321,0.6120731480713227,0.0,0.0,11.0,110.0,101.0,,100.0,,42.98125375500419,,300.0,20.0,0.0,-0.5238987362814026,0.29553314534146885,-0.13628478701521762
OXT,0.0967,7.0,1.5305644345331495,0.4731643988078494,0.4853829700352535,0.30042970891333776,0.0,110.0,10.0,0.0,100.0,,100.0,,63.27729593544592,,76.0,20.0,0.0,-0.38678622924183864,-0.3939211725780455,-0.3967719062830096
PENDLE,3.471,12.0,1.6693767927925642,0.23047241932923337,0.6066040396627195,0.37858513171763863,0.0,101.0,11.0,110.0,1.0,,101.0,,46.27672899391477,,76.0,-1.0,1.0,-0.5766523501899197,-0.36393581932411584,-0.40483198618939165
PEOPLE,0.02146,8.0,9.92137537697986,0.1516605958492474,0.8167744092582744,0.6043459448496622,110.0,0.0,11.0,110.0,0.0,,1.0,,38.105333687633085,,342.0,20.0,1.0,-0.0930961829751964,-0.3878506543467618,-0.5170427984021907
PEPE,9.35e-06,6.0,5.364153415326754,0.23388612242172047,0.28180729611085936,0.2611119596805566,0.0,100.0,0.0,10.0,0.0,,100.0,,46.218410594593955,,-1.0,-1.0,1.0,-0.3570911423133866,-0.25499216021345805,-0.44979513202895505
PERL,0.0046,2.0,1.4913075758746446,-0.49628282002875,0.12335986837940269,-0.033877999152617244,11.0,0.0,0.0,0.0,10.0,,10.0,oversold,44.419513144034255,,1273.0,517.0,1.0,1.9764214965630156,6.145373998080687,31.519517357982146
PERP,0.4967,9.0,2.46576092604988,0.22037353400028878,0.810579505059312,0.8017820056347855,11.0,0.0,1.0,11.0,100.0,,100.0,,42.93154946678921,,20.0,20.0,2.0,-0.17503569835083732,0.06821820668007143,-0.41236523890843785
PHA,0.1621,7.0,102.25837753198861,0.43859743135190804,0.40209417479003845,0.2259871271468941,0.0,110.0,10.0,10.0,100.0,,100.0,,43.584844162625394,,-1.0,20.0,0.0,-0.22276205556596299,-0.5329928266272221,-0.48788286881270454
PHB,0.948,8.0,2.586878525835693,0.1430837118261779,0.6714429612967981,0.46250426063740263,0.0,0.0,11.0,110.0,0.0,,101.0,,45.82542890617509,,468.0,20.0,1.0,-0.44853995183100753,-0.3409327107764141,-0.4942565646730718
PIVX,0.1966,9.0,1.7536675678939493,0.2800901804931698,0.6539784855494317,0.5282854061309397,0.0,0.0,11.0,110.0,100.0,,0.0,,45.78053222344255,,342.0,27.0,1.0,-0.05391167609585576,-0.07568223253661185,-0.34362017024645664
PLA,0.2347,15.0,0.5974922372565077,0.8808343612661947,1.0196933910553043,0.9483332212077605,111.0,101.0,11.0,111.0,101.0,overbuyed,101.0,overbuyed,54.19847172795797,,636.0,415.0,1.0,0.09081606872243568,2.2702269899449004,1.2104790035113109
PNT,0.035,5.0,5.10814230798726,-0.2858189155172841,0.2573681886760844,0.13688976549178566,10.0,100.0,0.0,0.0,100.0,,100.0,,36.91257289610068,,-1.0,383.0,2.0,-0.4845203698020247,1.2880743919609987,7.916434409327205
POLS,0.3079,2.0,5.151830846885411,0.10669815676083494,0.1899477317174281,-0.0034982843297450454,100.0,100.0,0.0,0.0,0.0,,0.0,oversold,30.683906628706342,,-1.0,233.0,0.0,-0.35580649216676685,-0.7607426453569939,10.125483184654431
POLYX,0.1808,8.0,1.8680444561561351,0.18057643091040898,0.5775412833071092,0.5778401779475393,0.0,0.0,1.0,10.0,0.0,,0.0,,44.54725871094971,,-1.0,20.0,0.0,-0.46068519985201,1.6831360473600727,0.18916587150551276
POND,0.01295,5.0,2.9919598763327833,0.30547168870392677,0.30104426875696716,0.35055521316807053,0.0,0.0,0.0,10.0,100.0,,100.0,,57.36611213435859,,328.0,20.0,0.0,-0.3538396939464588,-0.2777141202912628,-0.25384111398169623
PORTO,1.226,6.0,1.226454027738967,0.19308296270713415,0.46290686549616994,0.32501113481587185,0.0,0.0,10.0,0.0,101.0,,101.0,,38.60133591288617,,342.0,20.0,0.0,-0.3544267181316369,-0.2565103718782265,-0.23142257226459234
POWR,0.2255,11.0,1.0333003847703401,0.3524051397813701,0.7692277931046284,0.7555292383200845,1.0,0.0,11.0,11.0,100.0,,100.0,,53.03569902107229,,342.0,20.0,0.0,-0.5282604526286688,2.8235230629259065,0.3812276942243514
PROM,6.531,13.0,0.7115366434295401,0.7033301746541382,0.9258397913659332,0.8656097853958783,1.0,1.0,11.0,111.0,11.0,,101.0,,52.39883694189015,,328.0,20.0,2.0,-0.14086872066453648,-0.4805937662085027,-0.5598410299235292
PROS,0.3965,10.0,3.1566878865507713,0.3001611876844402,0.733974450991681,0.4618672308579246,0.0,100.0,11.0,110.0,101.0,,100.0,,45.40746377742733,,-1.0,34.0,0.0,-0.20988305830846946,-0.3226961927739791,-0.5729069404502205
PSG,2.447,7.0,0.8481403435693917,0.22946250766877202,0.7709572215945821,0.35210074022094523,0.0,0.0,10.0,110.0,100.0,,100.0,,46.9012072927306,,216.0,20.0,0.0,-0.2692087017901719,0.54990092141733,0.7722193529844917
PUNDIX,0.3698,9.0,1.1315899623789585,0.25878711011917116,0.6816965125416451,0.37823268055558396,0.0,0.0,11.0,110.0,100.0,,100.0,,49.192949355501646,,-1.0,20.0,0.0,-0.6616268950917852,0.3587769671912132,0.0472625138825043
PYR,2.048,9.0,2.056043419030465,0.21474972476507603,0.7394618338592202,0.6111121482480473,10.0,0.0,1.0,110.0,100.0,,100.0,,51.18394074381832,,342.0,10.0,1.0,-0.6843134993265113,0.15112246824629955,-0.36805694730384747
QI,0.00967,6.0,2.537768375743535,0.18136348648545195,0.3340003409764064,0.4967634659066734,10.0,0.0,1.0,10.0,0.0,,100.0,,41.92313433206148,,-1.0,20.0,1.0,-0.46583195738368216,-0.2633458073599795,-0.7125679265920866
QKC,0.008898,5.0,0.8762937790253701,0.33880672365216996,0.5817318324934433,0.2505107510402678,0.0,0.0,10.0,0.0,100.0,,100.0,,53.2143653573546,,83.0,20.0,1.0,0.4412682270444333,-0.25118147883065295,-0.6808065071698746
QNT,95.2,6.0,2.314130916857956,0.49156752550215677,0.6490713370784015,0.24705026853862258,0.0,110.0,10.0,100.0,100.0,,100.0,,51.78585441348761,,720.0,20.0,0.0,-0.4434102149230166,-0.30609384160415226,-0.46654849570135826
QTUM,3.0,4.0,1.4360700153544241,0.45454500622231403,0.19103208903893779,0.17696696776132648,1.0,101.0,100.0,0.0,101.0,,100.0,,56.81669377794863,,216.0,20.0,0.0,-0.21674560505834858,-0.5498081231197219,-0.5658847454144295
QUICK,0.02724,10.0,2.3814234804577614,0.21011909798271056,0.7315976737091311,0.6321223894984036,100.0,0.0,11.0,110.0,110.0,,100.0,,40.87602113608728,,300.0,20.0,0.0,-0.4558612015132729,-0.4971648227232622,-0.3710348852129555
RAD,0.882,8.0,1.3917268504804676,0.15753681417392593,0.5064612070669615,0.6113838724466371,0.0,0.0,1.0,11.0,100.0,,100.0,,49.487583459035235,,-1.0,83.0,1.0,-0.08369414804581693,-0.3678297845184239,-0.7036178998448512
RARE,0.0705,7.0,2.117164789086274,0.15321410388583087,0.5601161590308307,0.5330465721820489,0.0,0.0,1.0,10.0,0.0,,1.0,,38.573291395014955,,-1.0,20.0,2.0,2.2193248111498076,-0.4077780353013741,-0.4071380698796806
RAY,4.204,3.0,2.2115934900285605,0.3735152597946881,0.13665712226787846,0.10186592992020527,10.0,110.0,0.0,0.0,100.0,,100.0,,61.75974842970163,,258.0,51.0,0.0,-0.4401089403203793,-0.13643279024724556,-0.18986739664174299
RDNT,0.0335,6.0,3.505306010888127,0.17207112693200505,0.7477465605986657,0.33351126412917476,10.0,0.0,11.0,110.0,100.0,,101.0,,40.04735594923295,,300.0,20.0,1.0,-0.7272556650656848,3.197177183185733,0.4620342756106378
REEF,0.000688,0.0,3.4652909904651774,0.0619248343969031,0.20090442559574606,-0.02607210141633227,110.0,0.0,0.0,0.0,0.0,,0.0,,35.35409530776125,,300.0,198.0,2.0,0.5377868215485566,-0.58483203176086,2.3270333065902755
REI,0.03712,9.0,1.8210063228526072,0.15694324194630574,0.7283343376316123,0.5994057331500101,0.0,0.0,11.0,110.0,0.0,,0.0,,45.24011381322242,,300.0,20.0,0.0,-0.31903209833065077,0.03033000890007586,-0.20782938454909014
REN,0.04274,6.0,0.7849162862537894,0.605218052529371,0.2765319473896162,0.09974568095330964,0.0,10.0,100.0,0.0,10.0,,10.0,,33.899704443737896,,342.0,136.0,0.0,0.07869858823638831,-0.7865445103439078,4.858893126881315
REQ,0.1021,9.0,0.7972028924534632,0.4033761592150312,0.9074371191859165,0.5550226743708908,10.0,0.0,11.0,110.0,1.0,,100.0,,57.80924966770029,,20.0,20.0,2.0,12.164559585559033,-0.28813361143177557,-0.7057689296001468
RIF,0.0558,6.0,2.625907871224305,0.12675562109770028,0.48446575584996293,0.5875376219064758,0.0,0.0,1.0,10.0,100.0,,100.0,,39.2877655195639,,-1.0,20.0,1.0,-0.14997001972892895,0.031147709489243426,0.010592301543212824
RLC,1.302,8.0,1.8340641408463598,0.18930373865627087,0.5249560544374055,0.37012714711141104,0.0,0.0,1.0,110.0,0.0,,100.0,,50.60547601930406,,503.0,5.0,0.0,-0.41345461707071807,-0.2932877977842572,-0.5857677206144688
RNDR,7.03,13.0,1.2561181304429332,0.21485392947407358,0.8376975566410456,0.7622276025839424,110.0,100.0,11.0,111.0,1.0,,1.0,,52.00849045142118,,1035.0,250.0,2.0,0.2616493413395599,0.12489672048406597,0.16762786310939679
ROSE,0.04229,4.0,3.244119212506484,0.14451841440620863,0.3780089930958357,0.2891311819013329,1.0,0.0,0.0,100.0,100.0,,100.0,,41.592954247712285,,342.0,20.0,1.0,-0.421759217565517,0.11059961303333551,-0.3118329337111299
RPL,7.04,4.0,1.884900145556671,0.14131648795758572,0.4115561491836318,0.33379292802443244,1.0,0.0,0.0,0.0,100.0,,100.0,,44.616737309634125,,398.0,13.0,0.0,-0.5287384847514712,-0.840522594448502,2.6735428373384647
RSR,0.008654,10.0,3.956159570571046,0.37784535586117296,0.5318504530532676,0.36708740290680475,10.0,110.0,1.0,110.0,0.0,,100.0,,46.69834183687532,,146.0,20.0,1.0,-0.5923481902961478,-0.09678458511774574,-0.5229979424612687
RUNE,1.326,7.0,12.197858365678298,0.09847152545201387,0.5920676014179782,0.6280367590854883,0.0,0.0,1.0,110.0,0.0,,101.0,,39.084505125656754,,503.0,5.0,2.0,0.8752678974584357,-0.24295659641164413,-0.6134801163058535
RVN,0.01483,7.0,1.891955149438221,0.2340572881123386,0.7013673021804924,0.544908857046033,10.0,0.0,1.0,110.0,100.0,,100.0,,43.601235883139815,,342.0,20.0,0.0,-0.6467629402850783,-0.06850233966193647,-0.24909564142897125
SAND,0.351,3.0,7.390951811922768,0.3260697722360284,0.06614236241920048,0.22900266828677415,0.0,100.0,0.0,0.0,100.0,,100.0,,51.92843893545088,,342.0,20.0,1.0,-0.44907205607926326,0.011550064530304,-0.4970746342215186
SANTOS,2.494,7.0,1.5273932427640877,0.17574454896747851,0.4833087172820175,0.487982435752269,0.0,0.0,10.0,10.0,100.0,,100.0,,39.093869357476386,,20.0,20.0,0.0,-0.4799863213087525,-0.43252416029514795,-0.5472585118769573
SC,0.004109,8.0,1.313841048932381,0.20818089680166874,0.5597591424802829,0.45335103863806653,0.0,0.0,10.0,10.0,100.0,,100.0,,45.229548478283355,,146.0,10.0,0.0,1.1231266114297918,0.91942023606735,0.05367091035747785
SCRT,0.2604,9.0,11.513095352481919,0.3296434551219663,0.7011871080883911,0.5713987332292748,0.0,100.0,11.0,110.0,100.0,,100.0,,47.99257930036574,,-1.0,20.0,1.0,-0.06501516117214286,-0.23411922892089687,-0.31947882509641795
SEI,0.2696,8.0,3.5408060975111235,0.21172405694167262,0.9735324807545999,0.4929996380711245,10.0,0.0,11.0,110.0,101.0,,100.0,,42.01214910842084,,-1.0,20.0,1.0,-0.15465721364924184,0.5641450139386498,-0.15682294217829912
SFP,0.6561,9.0,0.30854155299782493,0.2705335813155702,0.6376684633719981,0.7035377918748865,0.0,0.0,11.0,10.0,1.0,,0.0,,59.549382796629445,,146.0,20.0,0.0,0.12148206313119925,-0.5894083464156615,-0.5425868133176671
SHIB,1.557e-05,8.0,1.7507895737809256,0.2090976963650592,0.3980800885646165,0.603184916562038,0.0,100.0,1.0,10.0,0.0,,100.0,,46.22744527965558,,146.0,20.0,0.0,-0.5924203122311084,-0.43708973344874713,-0.5947137501447501
SKL,0.03667,7.0,2.582297357850949,0.29343883397527876,0.43471237673664326,0.5768696497670225,10.0,0.0,1.0,110.0,100.0,,100.0,,56.5061064614247,,580.0,-1.0,0.0,-0.4149476568495001,-0.1378077454839151,-0.7290653504585078
SLP,0.002424,9.0,2.454543214961286,0.262534897616194,0.6213605857819432,0.6674594221445213,0.0,0.0,11.0,10.0,100.0,,100.0,,46.31062452006441,,-1.0,20.0,1.0,-0.24521425768294625,-0.5094926882201565,0.044571489393389584
SNT,0.03035,6.0,2.959812429122643,0.3223853576847459,0.36940186469992087,0.35217736055257715,0.0,100.0,0.0,10.0,100.0,,100.0,,45.374512803204254,,342.0,5.0,0.0,-0.031442784191307145,-0.41074394050343027,-0.33416809345143245
SNX,1.004,8.0,4.7152319908877525,0.19501882729734563,0.5303603593353519,0.6008133231454071,10.0,0.0,1.0,110.0,100.0,,100.0,,40.65294699800414,,986.0,20.0,0.0,-0.539624164038054,-0.087772583799035,0.13058535477874578
SOL,168.96,3.0,0.8751309605192452,0.22344752344544563,0.12808668416665817,0.09867840099382567,10.0,110.0,0.0,0.0,0.0,,100.0,,57.101084222827794,,720.0,11.0,0.0,-0.5402146016762718,0.10680565102472164,-0.27545233791363516
SPELL,0.0008777,6.0,2.6753553284090716,0.510498190378468,0.23599215319569997,0.3350069807042311,10.0,110.0,0.0,10.0,110.0,,110.0,,52.72286307705856,,300.0,65.0,1.0,-0.10081311061148189,1.338922823274445,-0.7259267958649208
SSV,12.22,9.0,2.7371600337182143,0.14354953646839502,0.6802477399307449,0.4991321275338337,0.0,0.0,11.0,110.0,0.0,,0.0,,47.163861315619464,,-1.0,20.0,1.0,-0.40091867637104234,-0.060859544224280734,-0.2485577386705968
STEEM,0.1716,7.0,1.6200851538252956,0.25864562987730105,0.40192032694505764,0.4600423923467616,0.0,0.0,1.0,10.0,100.0,,100.0,,56.26340852141213,,216.0,39.0,0.0,-0.1594378204300997,0.0493882720678351,0.02542369565009297
STG,0.2722,7.0,1.507140988640918,0.26747432602555077,0.5776750767323348,0.4396195605876412,0.0,0.0,11.0,10.0,100.0,,100.0,,48.52360629318799,,83.0,20.0,0.0,-0.6366210151709225,0.15036327720730625,-0.25658171987985773
STMX,0.00515,10.0,1.3412434175122985,0.2779104374694768,1.0017337431036044,0.6933241219011286,10.0,0.0,1.0,111.0,1.0,,101.0,,54.63448026450034,,300.0,20.0,2.0,14.563097073066903,1.6861772961705068,-0.23903821188805544
STORJ,0.3983,16.0,1.3222554443415653,0.26824182705523525,0.9231082963931692,0.8180525286200929,1.0,100.0,11.0,111.0,101.0,,100.0,,50.74405877327623,,342.0,20.0,0.0,-0.701616143188011,10.241651519948716,3.5170307958988296
STPT,0.10351,17.0,3.0082018050428374,1.0663547115373717,0.8683713916943323,0.7982313125967024,100.0,111.0,111.0,111.0,111.0,overbuyed,110.0,,47.61062352346813,,342.0,6.0,2.0,-0.4294420288107246,-0.3765464212590572,-0.34929057536945335
STRAX,0.05752,7.0,1.2460415954150583,0.3781378308594204,0.3389219366231268,0.35524662600017193,0.0,10.0,0.0,10.0,110.0,,100.0,,64.57729107745769,charged,300.0,20.0,0.0,0.20516258643692364,-0.6614842794241861,-0.3605640707958142
STX,0.922,8.0,2.931687961427527,0.13020366468007263,0.4297315335588397,0.36055018320967336,0.0,0.0,1.0,110.0,0.0,,100.0,,38.604956264678385,,76.0,20.0,0.0,-0.5953440685053856,-0.14036224044802253,-0.4657997700484075
SUI,3.3289,8.0,2.365324239524172,0.44945185526687637,0.5319894620298192,0.27558804885635957,0.0,110.0,1.0,110.0,100.0,,100.0,,61.345657114391635,,-1.0,46.0,0.0,-0.575218837083996,-0.2803784390406414,-0.3395886675971091
SUN,0.01882,10.0,0.92369854468028,0.3127244208798353,0.4719250988890166,0.5108236670639164,1.0,100.0,1.0,11.0,0.0,,0.0,,41.796755523482744,,202.0,20.0,1.0,-0.5694122205989538,-0.23989109659645452,-0.41381433342586527
SUPER,0.6953,8.0,3.4932067768380817,0.14716961495793054,0.50751021021636,0.45377519931340443,0.0,100.0,1.0,110.0,100.0,,100.0,,45.97194225286082,,1014.0,65.0,1.0,-0.3749729888847072,-0.07405837202544467,-0.42254399913448654
SUSHI,0.883,6.0,13.77023501083553,0.35210718708352656,0.49868259471036086,0.23169235524982293,0.0,100.0,10.0,100.0,100.0,,100.0,,49.11053815805841,,342.0,20.0,0.0,-0.5937383385032667,-0.05663431428256814,-0.2751810150612024
SXP,0.2523,14.0,1.4757512272582751,0.2852777291000752,0.7637432295550388,0.6641550394751959,1.0,100.0,11.0,111.0,100.0,,100.0,,48.95189056808709,,342.0,20.0,1.0,-0.7166991442287889,4.233808466048,1.084051875328187
SYN,0.3461,5.0,2.1179717826075373,0.13652047414150711,0.36607187070244007,0.4210365566400345,0.0,0.0,0.0,10.0,100.0,,100.0,,47.9074118311597,,146.0,20.0,0.0,-0.31321388396039723,-0.7246644699815088,0.29124286271211786
SYS,0.0691,8.0,2.1681036359021104,0.1654337877498303,0.5000000000000012,0.47199121506736014,0.0,0.0,1.0,10.0,0.0,,100.0,,41.58184249272007,,20.0,20.0,1.0,-0.31554435059108266,-0.260188100534509,-0.1790601990851056
T,0.02168,8.0,1.1976136036721985,0.26024620713931984,0.705443523077889,0.41213479748726795,10.0,0.0,11.0,110.0,100.0,,100.0,,49.43160543668474,,-1.0,20.0,0.0,-0.4971068192565514,0.17242012235869966,0.1270650053887722
TFUEL,0.04928,7.0,1.383555370238512,0.20639378544689185,0.5702223111344568,0.5072712073089957,0.0,0.0,1.0,110.0,0.0,,100.0,,55.04640679188861,,342.0,11.0,0.0,-0.21268355800184696,-0.7119439761978553,1.1023067926148238
THETA,1.319,6.0,3.6446012748685996,0.28404325521396223,0.35519667530033305,0.2998059477080294,0.0,100.0,1.0,110.0,100.0,,100.0,,51.325212155072784,,76.0,20.0,0.0,-0.7366438467637618,-0.25688073299229974,-0.3780486649039955
TIA,3.71,8.0,2.729262184056526,0.24301139168699634,0.9927854008261884,0.6452269188262173,10.0,0.0,11.0,110.0,1.0,,101.0,,44.966566675846146,,-1.0,20.0,1.0,-0.13652982272733083,0.22305518065609997,-0.3021352395307305
TKO,0.2941,4.0,2.012538347500803,0.2684426490401476,0.219306233460083,0.4330834597957059,10.0,0.0,0.0,10.0,0.0,,100.0,,48.39432789779181,,328.0,19.0,0.0,-0.4314947183771604,0.04812830626674957,-0.7421860081129332
TLM,0.00743,8.0,3.360713130809494,0.20951746658370918,0.6192403600277221,0.5232060341349757,0.0,0.0,11.0,110.0,100.0,,100.0,,41.010451061097775,,20.0,20.0,0.0,-0.46314849465682784,-0.5393436562725179,-0.10770263791098082
TOMO,1.3819,14.0,0.7096408346666998,0.5523632117781004,0.6450952679501469,1.063402932810745,11.0,110.0,1.0,11.0,100.0,,10.0,,57.97528778994432,,-1.0,534.0,2.0,1.1837518448777133,-0.009537712757894242,0.06571630410577953
TORN,4.06,5.0,2.5583227620837383,0.17953007800491197,0.33131258936643176,0.7251614093236171,10.0,0.0,1.0,10.0,0.0,,10.0,,57.80996641347199,,-1.0,864.0,2.0,1.441540856592259,2.091101295435489,-0.4692335091713905
TRB,41.77,15.0,2.1811421808422717,0.18267268406250145,1.032327112285242,1.0344650289433315,11.0,0.0,11.0,111.0,1.0,,101.0,,42.662697071454296,,1014.0,20.0,3.0,-0.5605619657628883,0.08111127278934664,-0.42722426662888896
TROY,0.001585,8.0,55.85466577104842,0.24159937482116847,0.683623180861148,0.6460766730788788,1.0,100.0,10.0,10.0,100.0,,100.0,,42.58265335949875,,328.0,20.0,0.0,-0.35183883154683154,0.6650148861909688,0.4845297948241532
TRU,0.0515,11.0,3.840957663277238,0.2138137642162261,1.0265540583412478,0.9231523116410398,11.0,0.0,11.0,111.0,0.0,,1.0,,42.77365445623247,,-1.0,20.0,2.0,1.235581346067194,-0.11974746269630421,-0.42944787626335634
TRX,0.2423,15.0,1.2663552649847858,0.6179701539646235,0.711770931870959,0.5177808208029694,1.0,111.0,11.0,101.0,101.0,,100.0,,39.73849954040167,,328.0,19.0,1.0,-0.49787984564616905,-0.10901138750517159,-0.47496265201712434
TVK,0.05405,17.0,19.62990463841653,1.003896953533002,0.7913653351346426,1.0035048854756383,101.0,11.0,111.0,11.0,11.0,overbuyed,111.0,,28.97567150590749,,552.0,508.0,2.0,0.7059798012197525,-0.23793969716072208,-0.3025262951350763
TWT,1.0347,8.0,0.7591116421207907,0.38719798294907315,0.7445508857654227,0.37627698142398014,0.0,101.0,10.0,110.0,101.0,,101.0,,45.11246503626184,,342.0,20.0,0.0,-0.565252966850358,0.2081064937029998,-0.15817330597101362
UFT,0.1687,5.0,1.7208386018289714,0.08759688242572003,0.1520583018608716,0.5018642475021697,0.0,0.0,0.0,10.0,100.0,,100.0,,48.88805736300125,,-1.0,13.0,0.0,-0.7291705939152867,-0.2817172749476171,2.8627533602786928
UMA,1.654,7.0,1.858654195376739,0.12807705696225843,0.4629986133533821,0.5180117163183097,0.0,0.0,1.0,110.0,100.0,,100.0,,45.85507124668568,,258.0,20.0,2.0,0.929755504902427,-0.4139604690958323,-0.11688619476394521
UNFI,1.341,1.0,3.038193202572325,0.04607408112430893,0.18635579832007887,0.0918168040055662,11.0,0.0,0.0,0.0,0.0,,10.0,,27.838360722744245,,342.0,177.0,2.0,-0.2942034785940168,-0.5734978837532109,6.223244533702546
UNI,9.069,7.0,2.709117678875521,0.3340941531691533,0.2820199311048381,0.49226979622189637,1.0,100.0,0.0,0.0,100.0,,100.0,,52.062641634368774,,300.0,123.0,1.0,-0.609432975815753,0.030837463897369518,-0.46266791147481173
USDP,1.0003,12.0,0.003353341168825046,0.4149174122613039,0.5873908296515046,0.6346345056656649,10.0,10.0,11.0,11.0,0.0,,10.0,,64.07281933218829,,419.0,0.0,1.0,-0.9817806809827782,-0.6913332513415368,-0.4491465456755973
USTC,0.01643,5.0,1.4898259328140049,0.27978795112185123,0.5444693774878612,0.23240268921030605,100.0,1.0,10.0,0.0,101.0,,101.0,,46.434450427898206,,258.0,20.0,0.0,-0.4724195261438449,-0.6403984375049486,1.1288961679722131
UTK,0.05473,3.0,9.895885604710942,0.43358206157254975,0.0997495743732463,0.20947300729988366,0.0,0.0,0.0,0.0,100.0,,100.0,,43.59686868568806,,657.0,15.0,0.0,-0.36217023333012976,-0.31790709512773474,-0.783073697794648
VET,0.0317,5.0,3.8565066569008475,0.36888794649982903,0.22019414082146527,0.3006765586738997,0.0,100.0,0.0,0.0,100.0,,100.0,,50.47461295792706,,342.0,20.0,0.0,-0.5358486279216096,-0.2945988976794679,-0.5401851449762383
VGX,0.018,6.0,4.292326827033668,-0.17711506185261547,0.27733715314920165,0.6055353140121795,11.0,0.0,0.0,1.0,0.0,,0.0,,37.96258594289659,,370.0,302.0,2.0,1.7025065516988462,-0.2694708954631146,3.425092762882111
VIB,0.0595,4.0,1.0485599615221162,0.17698219320067235,0.34620481878345366,0.3422460858051058,0.0,0.0,0.0,0.0,0.0,,100.0,,44.85787997952836,,132.0,5.0,0.0,-0.07644560258340433,-0.5681008818240901,-0.7623786971626532
VIDT,0.01863,7.0,2.7459103113835277,0.16201609644718143,0.5757219271784354,0.5725838003184525,10.0,0.0,1.0,110.0,0.0,,0.0,,40.94676219915226,,300.0,20.0,2.0,0.6124224288726635,-0.4916179332519534,-0.6007189342967105
VITE,0.00171,0.0,3.093325949304464,-0.6057831344638307,0.035307850408642635,0.1538734283814412,0.0,0.0,0.0,0.0,0.0,oversold,0.0,oversold,40.3702365494945,,-1.0,20.0,1.0,0.07185401049225537,20.41900082113245,4.460714834174076
VOXEL,0.1102,7.0,2.704740169442389,0.20444452434099175,0.5172601458245528,0.32668029509011864,0.0,0.0,10.0,10.0,100.0,,100.0,,44.24019851724875,,314.0,20.0,0.0,-0.6256912459048972,-0.6872315292354397,0.2541267066346805
VTHO,0.00334,5.0,4.799468028322647,0.6069708403444809,0.22010634269020107,0.15802802648045763,10.0,110.0,0.0,0.0,110.0,,110.0,,33.688912438662385,,258.0,118.0,0.0,-0.5100349876842994,-0.20767308231511394,-0.7281070029513157
WAN,0.1462,3.0,1.6056368639388572,0.20491521598945456,0.5192626483806448,0.20533575798906878,0.0,0.0,10.0,0.0,100.0,,100.0,,41.35635860525992,,20.0,20.0,1.0,-0.31062950835079534,0.49970156308338964,0.29087189158872534
WAVES,1.076,6.0,3.275695051800849,0.03576111129736355,0.24873202249377055,0.2767134911910939,11.0,100.0,0.0,1.0,100.0,,0.0,,37.86019142994599,,342.0,275.0,2.0,-0.10305792352716775,-0.7282483022395413,3.294868936215694
WAXP,0.03322,9.0,1.7418264125390812,0.30074960992792193,0.7809383686188526,0.5481547054942052,0.0,0.0,11.0,110.0,100.0,,100.0,,45.722667926391296,,300.0,20.0,0.0,-0.4098149399422125,0.5602919939715596,-0.23499812587611188
WBETH,2961.6,12.0,0.8409843734126924,0.33489976186549514,0.9341341610833523,0.7431816741286393,11.0,100.0,11.0,111.0,0.0,,100.0,,47.86535129827972,,20.0,20.0,1.0,-0.8586354613368544,0.4364031944236469,-0.5737855053861269
WBTC,95693.65,4.0,0.7794512374275617,0.6101941779496993,0.24162497857257506,0.2143054990547688,11.0,110.0,0.0,100.0,100.0,,100.0,,29.679034528327165,,76.0,65.0,1.0,-0.7207834861674657,0.018821694482458497,-0.15165391219642907
WIN,7.49e-05,4.0,1.7400424800052026,0.27193764168247725,0.29713581067926537,0.26161345350420123,1.0,0.0,10.0,0.0,0.0,,100.0,,41.044959407196345,,902.0,3.0,0.0,-0.14268146905409282,0.5997780690532125,-0.18449504268386252
WING,3.669,7.0,1.3317889584516407,0.11789593853317797,0.5300086290695165,0.5214134532991442,0.0,0.0,10.0,10.0,100.0,,100.0,,41.52381697630044,,20.0,20.0,0.0,-0.24848201120266641,-0.17770297313383135,-0.2813137636934095
WLD,1.236,8.0,3.1929859223123183,0.15426141398489723,0.5311783980848824,0.5766719588762128,10.0,0.0,1.0,110.0,100.0,,100.0,,44.33023915414915,,146.0,20.0,1.0,-0.5486338719409575,-0.1696810981590137,-0.3801427698052302
WNXM,73.26,7.0,0.5538984641273892,0.5952419085686664,0.15563899018699906,0.2069769533404192,10.0,110.0,100.0,10.0,100.0,,0.0,,64.14707702410122,,300.0,357.0,2.0,-0.14956740898653662,-0.25012478013067957,-0.3544450107068598
WOO,0.1284,11.0,3.072312876119577,0.19616018195069995,0.7852901463061541,0.7458834360074047,1.0,0.0,11.0,111.0,100.0,,100.0,,39.8314171106332,,300.0,20.0,2.0,-0.39551814363139015,-0.30988222538482124,-0.32224709538468793
WRX,0.0173,3.0,5.390563526148056,-0.5271919643430169,0.08213750704496788,0.00400927330761851,10.0,10.0,100.0,0.0,10.0,,110.0,oversold,32.90334002493104,uncharged,986.0,70.0,3.0,0.690902951982345,4.25342291707024,12.017754320827873
WTC,0.0103,2.0,2.2696070669135495,-0.8489802445425495,0.09286734309551983,-0.44019836899088777,10.0,0.0,0.0,0.0,10.0,oversold,0.0,oversold,37.22563502571881,uncharged,-1.0,463.0,1.0,2.8688515663000356,5.492927513173467,35.816472042761106
XEC,2.637e-05,9.0,1.5241424724482084,0.18446784674986627,0.6526235828618376,0.6132158491553777,0.0,0.0,1.0,110.0,0.0,,100.0,,40.18521092175251,,-1.0,20.0,0.0,-0.1947170140379144,0.377774635565735,-0.1865163132001459
XEM,0.01596,3.0,2.3971178397954054,-0.08525918321231155,0.21574871345258467,0.12264112556635395,11.0,100.0,0.0,0.0,100.0,oversold,0.0,,40.20799868176886,,300.0,319.0,3.0,2.0137409609484997,-0.8036049673409738,3.543453465603672
XLM,0.3293,6.0,33.71675876100509,0.5149356140310404,0.4575972944179062,0.2806240112407677,1.0,110.0,10.0,0.0,100.0,,100.0,,55.44391457666816,,559.0,20.0,0.0,-0.5109338876119178,-0.5011550248335777,-0.591914287130822
XMR,118.7,7.0,0.5666299099079899,-0.03503430157709859,0.31994255841769265,0.4092944291159769,10.0,100.0,0.0,1.0,100.0,,100.0,,46.63171809147078,,1196.0,372.0,1.0,0.963182480825388,-0.7043723069784983,0.8240137201487477
XNO,1.2,3.0,2.7352701450787564,0.47827456047001643,0.3726437110453456,0.05154017015361557,0.0,100.0,100.0,0.0,100.0,,101.0,,52.40013866770116,,342.0,31.0,0.0,-0.5642990734050647,-0.7675080074484637,1.344150901966127
XRP,2.5495,7.0,35.0109477104479,0.6866964866472454,0.5252354028065827,0.22109334706782116,1.0,110.0,10.0,0.0,110.0,,100.0,,51.61100269151909,,76.0,27.0,0.0,-0.6410663745247813,-0.2043356944341688,-0.5326987200899872
XTZ,0.876,6.0,3.6489954334340373,0.35485259501822264,0.45452482479746736,0.2583138659864963,0.0,100.0,0.0,110.0,100.0,,100.0,,53.14306469331592,,251.0,20.0,0.0,-0.15142005486030724,-0.18752953274855338,-0.5470283082895144
XVG,0.00641,5.0,42.90794886838074,0.3749586511535843,0.36974172823750096,0.25767762760657376,1.0,100.0,0.0,100.0,100.0,,100.0,,50.69090057762996,,69.0,20.0,0.0,-0.013236381707139387,0.34629694673048506,-0.2681889595386084
XVS,8.49,10.0,1.2373964415394496,0.5,0.6948422082911685,0.37290998406299275,1.0,1.0,10.0,101.0,101.0,,101.0,,53.46128838149989,,76.0,0.0,1.0,0.061171862036990626,-0.36050131919731687,1.7967644478415645
YFI,6046.0,11.0,2.6989800672344235,0.3632513157988389,0.7587139321508743,0.6435783911951085,0.0,100.0,11.0,110.0,100.0,,100.0,,43.66126277107433,,398.0,20.0,1.0,-0.48530543983133567,-0.04526941410965828,-0.41210818298726803
YGG,0.2572,6.0,3.9559964495405753,0.15871323802250822,0.6736015287159567,0.28888284564885636,0.0,0.0,11.0,100.0,0.0,,101.0,,40.649907059846534,,-1.0,20.0,1.0,-0.6096619896807027,-0.1642717315158838,-0.11897157965143462
ZEC,37.32,12.0,1.9015971462318042,0.293784832397387,0.9553130288048447,0.6750003771494713,1.0,100.0,11.0,101.0,100.0,,100.0,,50.173111593764744,,146.0,20.0,0.0,-0.5179829637904142,0.2388813038354375,-0.18929410916400702
ZEN,13.48,11.0,18.105423917804913,0.4202099518450212,0.5692037420632517,0.6025216248498648,0.0,110.0,11.0,10.0,100.0,,100.0,,41.15688542706452,,510.0,20.0,0.0,-0.37335313121482344,-0.5023785454167815,0.20711436678786174
ZIL,0.01464,7.0,2.5984317621334374,0.28136397356438086,0.5218275489082402,0.2875756570225559,0.0,0.0,11.0,110.0,100.0,,100.0,,42.510935817931596,,300.0,20.0,1.0,-0.5366281052166293,-0.3170916820777846,-0.46772529284601083
ZRX,0.3251,10.0,2.6319013943033416,0.2896007054129199,0.6830038950268393,0.5038981215268485,0.0,0.0,11.0,110.0,100.0,,100.0,,43.017200653078866,,300.0,20.0,0.0,-0.4988088984077006,0.771849876490863,-0.263762644051254